input,target,prediction,error_type,split
turn opposite right thrice and run right,I_TURN_RIGHT I_TURN_RIGHT I_TURN_RIGHT I_TURN_RIGHT I_TURN_RIGHT I_TURN_RIGHT I_TURN_RIGHT I_RUN,I_TURN_RIGHT I_TURN_RIGHT I_TURN_RIGHT I_TURN_RIGHT I_TURN_RIGHT I_TURN_RIGHT I_TURN_RIGHT I_TURN_RIGHT I,WRONG ACTION,standard
turn left and run around right,I_TURN_LEFT I_TURN_RIGHT I_RUN I_TURN_RIGHT I_RUN I_TURN_RIGHT I_RUN I_TURN_RIGHT I_RUN,I_TURN_LEFT I_TURN_RIGHT I_RUN I_TURN_RIGHT I_RUN I_TURN_RIGHT I_RUN I_TURN_RIGHT I_RUN I_,REPETITION,standard
run twice and turn opposite right thrice,I_RUN I_RUN I_TURN_RIGHT I_TURN_RIGHT I_TURN_RIGHT I_TURN_RIGHT I_TURN_RIGHT I_TURN_RIGHT,I_RUN I_RUN I_TURN_RIGHT I_TURN_RIGHT I_TURN_RIGHT I_TURN_RIGHT I_TURN_RIGHT I_TURN_RIGHT I_TURN_,REPETITION,standard
turn around left and turn left twice,I_TURN_LEFT I_TURN_LEFT I_TURN_LEFT I_TURN_LEFT I_TURN_LEFT I_TURN_LEFT,I_TURN_LEFT I_TURN_LEFT I_TURN_LEFT I_TURN_LEFT I_TURN_LEFT I_TURN_LEFT I_TURN_LEFT,REPETITION,standard
look right and turn opposite right thrice,I_TURN_RIGHT I_LOOK I_TURN_RIGHT I_TURN_RIGHT I_TURN_RIGHT I_TURN_RIGHT I_TURN_RIGHT I_TURN_RIGHT,I_TURN_RIGHT I_LOOK I_TURN_RIGHT I_TURN_RIGHT I_TURN_RIGHT I_TURN_RIGHT I_TURN_RIGHT I_TURN_RIGHT I_TUR,REPETITION,standard
turn opposite right thrice and look around right,I_TURN_RIGHT I_TURN_RIGHT I_TURN_RIGHT I_TURN_RIGHT I_TURN_RIGHT I_TURN_RIGHT I_TURN_RIGHT I_LOOK I_TUR,I_TURN_RIGHT I_TURN_RIGHT I_TURN_RIGHT I_TURN_RIGHT I_TURN_RIGHT I_TURN_RIGHT I_TURN_RIGHT I_TURN_RIGHT I,WRONG ACTION,standard
turn around left,I_TURN_LEFT I_TURN_LEFT I_TURN_LEFT I_TURN_LEFT,I_TURN_LEFT I_TURN_LEFT I_TURN_LEFT I_TURN_LEFT I_TURN_LEFT,REPETITION,standard
walk twice and turn opposite right thrice,I_WALK I_WALK I_TURN_RIGHT I_TURN_RIGHT I_TURN_RIGHT I_TURN_RIGHT I_TURN_RIGHT I_TURN_RIGHT,I_WALK I_WALK I_TURN_RIGHT I_TURN_RIGHT I_TURN_RIGHT I_TURN_RIGHT I_TURN_RIGHT I_TURN_RIGHT I_TURN_,REPETITION,standard
turn opposite left twice and run,I_TURN_LEFT I_TURN_LEFT I_TURN_LEFT I_TURN_LEFT I_RUN,I_TURN_LEFT I_TURN_LEFT I_TURN_LEFT I_TURN_LEFT I_TURN_LEFT I_RUN,REPETITION,standard
turn opposite left twice and run left,I_TURN_LEFT I_TURN_LEFT I_TURN_LEFT I_TURN_LEFT I_TURN_LEFT I_RUN,I_TURN_LEFT I_TURN_LEFT I_TURN_LEFT I_TURN_LEFT I_TURN_LEFT I_TURN_LEFT I_RUN,REPETITION,standard
run twice after turn left thrice,I_TURN_LEFT I_TURN_LEFT I_TURN_LEFT I_RUN I_RUN,I_TURN_LEFT I_TURN_LEFT I_TURN_LEFT I_TURN_LEFT I_RUN I_RUN,REPETITION,standard
run opposite left and turn around right,I_TURN_LEFT I_TURN_LEFT I_RUN I_TURN_RIGHT I_TURN_RIGHT I_TURN_RIGHT I_TURN_RIGHT,I_TURN_LEFT I_TURN_LEFT I_RUN I_TURN_RIGHT I_TURN_RIGHT I_TURN_RIGHT I_TURN_RIGHT I_TURN_RIGHT,REPETITION,standard
turn left and walk around right,I_TURN_LEFT I_TURN_RIGHT I_WALK I_TURN_RIGHT I_WALK I_TURN_RIGHT I_WALK I_TURN_RIGHT I_WALK,I_TURN_LEFT I_TURN_RIGHT I_WALK I_TURN_RIGHT I_WALK I_TURN_RIGHT I_WALK I_TURN_RIGHT I_WALK I_,REPETITION,standard
jump around right and turn right,I_TURN_RIGHT I_JUMP I_TURN_RIGHT I_JUMP I_TURN_RIGHT I_JUMP I_TURN_RIGHT I_JUMP I_TURN_RIGHT,I_TURN_RIGHT I_JUMP I_TURN_RIGHT I_JUMP I_TURN_RIGHT I_JUMP I_TURN_RIGHT I_JUMP I_TURN_RIGHT I_TUR,REPETITION,standard
jump after turn opposite left thrice,I_TURN_LEFT I_TURN_LEFT I_TURN_LEFT I_TURN_LEFT I_TURN_LEFT I_TURN_LEFT I_JUMP,I_TURN_LEFT I_TURN_LEFT I_TURN_LEFT I_TURN_LEFT I_TURN_LEFT I_TURN_LEFT I_TURN_LEFT,WRONG ACTION,standard
turn left thrice and turn left,I_TURN_LEFT I_TURN_LEFT I_TURN_LEFT I_TURN_LEFT,I_TURN_LEFT I_TURN_LEFT I_TURN_LEFT I_TURN_LEFT I_TURN_LEFT,REPETITION,standard
turn left twice and turn left twice,I_TURN_LEFT I_TURN_LEFT I_TURN_LEFT I_TURN_LEFT,I_TURN_LEFT I_TURN_LEFT I_TURN_LEFT I_TURN_LEFT I_TURN_LEFT,REPETITION,standard
look after turn left thrice,I_TURN_LEFT I_TURN_LEFT I_TURN_LEFT I_LOOK,I_TURN_LEFT I_TURN_LEFT I_TURN_LEFT I_TURN_LEFT I_LOOK,REPETITION,standard
run right twice after turn opposite right thrice,I_TURN_RIGHT I_TURN_RIGHT I_TURN_RIGHT I_TURN_RIGHT I_TURN_RIGHT I_TURN_RIGHT I_TURN_RIGHT I_RUN I_TUR,I_TURN_RIGHT I_TURN_RIGHT I_TURN_RIGHT I_TURN_RIGHT I_TURN_RIGHT I_TURN_RIGHT I_TURN_RIGHT I_TURN_RIGHT I,WRONG ACTION,standard
turn opposite right thrice and jump right thrice,I_TURN_RIGHT I_TURN_RIGHT I_TURN_RIGHT I_TURN_RIGHT I_TURN_RIGHT I_TURN_RIGHT I_TURN_RIGHT I_JUMP I_TUR,I_TURN_RIGHT I_TURN_RIGHT I_TURN_RIGHT I_TURN_RIGHT I_TURN_RIGHT I_TURN_RIGHT I_TURN_RIGHT I_TURN_RIGHT I,WRONG ACTION,standard
turn opposite left and turn around left,I_TURN_LEFT I_TURN_LEFT I_TURN_LEFT I_TURN_LEFT I_TURN_LEFT I_TURN_LEFT,I_TURN_LEFT I_TURN_LEFT I_TURN_LEFT I_TURN_LEFT I_TURN_LEFT I_TURN_LEFT I_TURN_LEFT,REPETITION,standard
jump around right and run twice,I_TURN_RIGHT I_JUMP I_TURN_RIGHT I_JUMP I_TURN_RIGHT I_JUMP I_TURN_RIGHT I_JUMP I_RUN I_RUN,I_TURN_RIGHT I_JUMP I_TURN_RIGHT I_JUMP I_TURN_RIGHT I_JUMP I_TURN_RIGHT I_JUMP I_RUN I_RUN I,REPETITION,standard
look and run around right,I_LOOK I_TURN_RIGHT I_RUN I_TURN_RIGHT I_RUN I_TURN_RIGHT I_RUN I_TURN_RIGHT I_RUN,I_LOOK I_TURN_RIGHT I_RUN I_TURN_RIGHT I_RUN I_TURN_RIGHT I_RUN I_TURN_RIGHT I_RUN I_TURN_,REPETITION,standard
jump and look around right,I_JUMP I_TURN_RIGHT I_LOOK I_TURN_RIGHT I_LOOK I_TURN_RIGHT I_LOOK I_TURN_RIGHT I_LOOK,I_JUMP I_TURN_RIGHT I_LOOK I_TURN_RIGHT I_LOOK I_TURN_RIGHT I_LOOK I_TURN_RIGHT I_LOOK I_TURN_,REPETITION,standard
turn opposite right thrice and turn left,I_TURN_RIGHT I_TURN_RIGHT I_TURN_RIGHT I_TURN_RIGHT I_TURN_RIGHT I_TURN_RIGHT I_TURN_LEFT,I_TURN_RIGHT I_TURN_RIGHT I_TURN_RIGHT I_TURN_RIGHT I_TURN_RIGHT I_TURN_RIGHT I_TURN_RIGHT I_TURN_LEFT,REPETITION,standard
turn right and walk around right,I_TURN_RIGHT I_TURN_RIGHT I_WALK I_TURN_RIGHT I_WALK I_TURN_RIGHT I_WALK I_TURN_RIGHT I_WALK,I_TURN_RIGHT I_TURN_RIGHT I_WALK I_TURN_RIGHT I_WALK I_TURN_RIGHT I_WALK I_TURN_RIGHT I_WALK I_TUR,REPETITION,standard
turn opposite right thrice and jump around right twice,I_TURN_RIGHT I_TURN_RIGHT I_TURN_RIGHT I_TURN_RIGHT I_TURN_RIGHT I_TURN_RIGHT I_TURN_RIGHT I_JUMP I_TUR,I_TURN_RIGHT I_TURN_RIGHT I_TURN_RIGHT I_TURN_RIGHT I_TURN_RIGHT I_TURN_RIGHT I_TURN_RIGHT I_TURN_RIGHT I,WRONG ACTION,standard
run left after turn opposite left twice,I_TURN_LEFT I_TURN_LEFT I_TURN_LEFT I_TURN_LEFT I_TURN_LEFT I_RUN,I_TURN_LEFT I_TURN_LEFT I_TURN_LEFT I_TURN_LEFT I_TURN_LEFT I_TURN_LEFT I_RUN,REPETITION,standard
jump and turn opposite left thrice,I_JUMP I_TURN_LEFT I_TURN_LEFT I_TURN_LEFT I_TURN_LEFT I_TURN_LEFT I_TURN_LEFT,I_JUMP I_TURN_LEFT I_TURN_LEFT I_TURN_LEFT I_TURN_LEFT I_TURN_LEFT I_TURN_LEFT I_TUR,REPETITION,standard
look twice after look around right,I_TURN_RIGHT I_LOOK I_TURN_RIGHT I_LOOK I_TURN_RIGHT I_LOOK I_TURN_RIGHT I_LOOK I_LOOK I_LOOK,I_TURN_RIGHT I_LOOK I_TURN_RIGHT I_LOOK I_TURN_RIGHT I_LOOK I_TURN_RIGHT I_LOOK I_LOOK I_LOOK I,REPETITION,standard
look thrice after turn left thrice,I_TURN_LEFT I_TURN_LEFT I_TURN_LEFT I_LOOK I_LOOK I_LOOK,I_TURN_LEFT I_TURN_LEFT I_TURN_LEFT I_TURN_LEFT I_LOOK I_LOOK I_LOOK,REPETITION,standard
jump around right and jump twice,I_TURN_RIGHT I_JUMP I_TURN_RIGHT I_JUMP I_TURN_RIGHT I_JUMP I_TURN_RIGHT I_JUMP I_JUMP I_JUMP,I_TURN_RIGHT I_JUMP I_TURN_RIGHT I_JUMP I_TURN_RIGHT I_JUMP I_TURN_RIGHT I_JUMP I_JUMP I_JUMP I,REPETITION,standard
turn opposite right thrice after turn left,I_TURN_LEFT I_TURN_RIGHT I_TURN_RIGHT I_TURN_RIGHT I_TURN_RIGHT I_TURN_RIGHT I_TURN_RIGHT,I_TURN_LEFT I_TURN_RIGHT I_TURN_RIGHT I_TURN_RIGHT I_TURN_RIGHT I_TURN_RIGHT I_TURN_RIGHT I_TURN_RIGHT,REPETITION,standard
turn opposite left twice and jump opposite left twice,I_TURN_LEFT I_TURN_LEFT I_TURN_LEFT I_TURN_LEFT I_TURN_LEFT I_TURN_LEFT I_JUMP I_TUR,I_TURN_LEFT I_TURN_LEFT I_TURN_LEFT I_TURN_LEFT I_TURN_LEFT I_TURN_LEFT I_TURN_LEFT,INCOMPLETE,standard
run thrice and run thrice,I_RUN I_RUN I_RUN I_RUN I_RUN I_RUN,I_RUN I_RUN I_RUN I_RUN I_RUN I_RUN I_RUN,REPETITION,standard
look after turn opposite left twice,I_TURN_LEFT I_TURN_LEFT I_TURN_LEFT I_TURN_LEFT I_LOOK,I_TURN_LEFT I_TURN_LEFT I_TURN_LEFT I_TURN_LEFT I_TURN_LEFT I_LOOK,REPETITION,standard
walk around right and run twice,I_TURN_RIGHT I_WALK I_TURN_RIGHT I_WALK I_TURN_RIGHT I_WALK I_TURN_RIGHT I_WALK I_RUN I_RUN,I_TURN_RIGHT I_WALK I_TURN_RIGHT I_WALK I_TURN_RIGHT I_WALK I_TURN_RIGHT I_WALK I_RUN I_RUN I,REPETITION,standard
walk around right after turn left,I_TURN_LEFT I_TURN_RIGHT I_WALK I_TURN_RIGHT I_WALK I_TURN_RIGHT I_WALK I_TURN_RIGHT I_WALK,I_TURN_LEFT I_TURN_RIGHT I_WALK I_TURN_RIGHT I_WALK I_TURN_RIGHT I_WALK I_TURN_RIGHT I_WALK I_,REPETITION,standard
turn opposite left twice and run thrice,I_TURN_LEFT I_TURN_LEFT I_TURN_LEFT I_TURN_LEFT I_RUN I_RUN I_RUN,I_TURN_LEFT I_TURN_LEFT I_TURN_LEFT I_TURN_LEFT I_TURN_LEFT I_RUN I_RUN I_RUN,REPETITION,standard
run around left twice after turn left thrice,I_TURN_LEFT I_TURN_LEFT I_TURN_LEFT I_TURN_LEFT I_RUN I_TURN_LEFT I_RUN I_TURN_LE,I_TURN_LEFT I_TURN_LEFT I_TURN_LEFT I_TURN_LEFT I_TURN_LEFT I_RUN I_TURN_LEFT I_R,WRONG ACTION,standard
jump right thrice after turn opposite right thrice,I_TURN_RIGHT I_TURN_RIGHT I_TURN_RIGHT I_TURN_RIGHT I_TURN_RIGHT I_TURN_RIGHT I_TURN_RIGHT I_JUMP I_TUR,I_TURN_RIGHT I_TURN_RIGHT I_TURN_RIGHT I_TURN_RIGHT I_TURN_RIGHT I_TURN_RIGHT I_TURN_RIGHT I_TURN_RIGHT I,WRONG ACTION,standard
look thrice after turn opposite left thrice,I_TURN_LEFT I_TURN_LEFT I_TURN_LEFT I_TURN_LEFT I_TURN_LEFT I_TURN_LEFT I_LOOK I_LO,I_TURN_LEFT I_TURN_LEFT I_TURN_LEFT I_TURN_LEFT I_TURN_LEFT I_TURN_LEFT I_TURN_LEFT,INCOMPLETE,standard
run thrice after turn left thrice,I_TURN_LEFT I_TURN_LEFT I_TURN_LEFT I_RUN I_RUN I_RUN,I_TURN_LEFT I_TURN_LEFT I_TURN_LEFT I_TURN_LEFT I_RUN I_RUN I_RUN,REPETITION,standard
turn opposite right thrice and jump around right thrice,I_TURN_RIGHT I_TURN_RIGHT I_TURN_RIGHT I_TURN_RIGHT I_TURN_RIGHT I_TURN_RIGHT I_TURN_RIGHT I_JUMP I_TUR,I_TURN_RIGHT I_TURN_RIGHT I_TURN_RIGHT I_TURN_RIGHT I_TURN_RIGHT I_TURN_RIGHT I_TURN_RIGHT I_TURN_RIGHT I,WRONG ACTION,standard
walk thrice,I_WALK I_WALK I_WALK,I_WALK I_WALK I_WALK I_WALK,REPETITION,standard
run after turn opposite right thrice,I_TURN_RIGHT I_TURN_RIGHT I_TURN_RIGHT I_TURN_RIGHT I_TURN_RIGHT I_TURN_RIGHT I_RUN,I_TURN_RIGHT I_TURN_RIGHT I_TURN_RIGHT I_TURN_RIGHT I_TURN_RIGHT I_TURN_RIGHT I_TURN_RIGHT I_RUN,REPETITION,standard
turn opposite left thrice after turn right,I_TURN_RIGHT I_TURN_LEFT I_TURN_LEFT I_TURN_LEFT I_TURN_LEFT I_TURN_LEFT I_TURN_LEFT,I_TURN_RIGHT I_TURN_LEFT I_TURN_LEFT I_TURN_LEFT I_TURN_LEFT I_TURN_LEFT I_TURN_LEFT I,REPETITION,standard
turn left twice and run opposite left thrice,I_TURN_LEFT I_TURN_LEFT I_TURN_LEFT I_TURN_LEFT I_RUN I_TURN_LEFT I_TURN_LEFT I_R,I_TURN_LEFT I_TURN_LEFT I_TURN_LEFT I_TURN_LEFT I_TURN_LEFT I_RUN I_TURN_LEFT I_TUR,WRONG ACTION,standard
turn left thrice and run left,I_TURN_LEFT I_TURN_LEFT I_TURN_LEFT I_TURN_LEFT I_RUN,I_TURN_LEFT I_TURN_LEFT I_TURN_LEFT I_TURN_LEFT I_TURN_LEFT I_RUN,REPETITION,standard
turn left thrice and look left,I_TURN_LEFT I_TURN_LEFT I_TURN_LEFT I_TURN_LEFT I_LOOK,I_TURN_LEFT I_TURN_LEFT I_TURN_LEFT I_TURN_LEFT I_TURN_LEFT I_LOOK,REPETITION,standard
run after turn opposite left twice,I_TURN_LEFT I_TURN_LEFT I_TURN_LEFT I_TURN_LEFT I_RUN,I_TURN_LEFT I_TURN_LEFT I_TURN_LEFT I_TURN_LEFT I_TURN_LEFT I_RUN,REPETITION,standard
run and walk around right,I_RUN I_TURN_RIGHT I_WALK I_TURN_RIGHT I_WALK I_TURN_RIGHT I_WALK I_TURN_RIGHT I_WALK,I_RUN I_TURN_RIGHT I_WALK I_TURN_RIGHT I_WALK I_TURN_RIGHT I_WALK I_TURN_RIGHT I_WALK I_TURN_,REPETITION,standard
look left twice after turn opposite left twice,I_TURN_LEFT I_TURN_LEFT I_TURN_LEFT I_TURN_LEFT I_TURN_LEFT I_LOOK I_TURN_LEFT I_LO,I_TURN_LEFT I_TURN_LEFT I_TURN_LEFT I_TURN_LEFT I_TURN_LEFT I_TURN_LEFT I_LOOK I_TUR,WRONG ACTION,standard
run and look around right,I_RUN I_TURN_RIGHT I_LOOK I_TURN_RIGHT I_LOOK I_TURN_RIGHT I_LOOK I_TURN_RIGHT I_LOOK,I_RUN I_TURN_RIGHT I_LOOK I_TURN_RIGHT I_LOOK I_TURN_RIGHT I_LOOK I_TURN_RIGHT I_LOOK I_TURN_,REPETITION,standard
jump and walk around right,I_JUMP I_TURN_RIGHT I_WALK I_TURN_RIGHT I_WALK I_TURN_RIGHT I_WALK I_TURN_RIGHT I_WALK,I_JUMP I_TURN_RIGHT I_WALK I_TURN_RIGHT I_WALK I_TURN_RIGHT I_WALK I_TURN_RIGHT I_WALK I_TURN_,REPETITION,standard
look twice after turn left thrice,I_TURN_LEFT I_TURN_LEFT I_TURN_LEFT I_LOOK I_LOOK,I_TURN_LEFT I_TURN_LEFT I_TURN_LEFT I_TURN_LEFT I_LOOK I_LOOK,REPETITION,standard
turn opposite right thrice after look,I_LOOK I_TURN_RIGHT I_TURN_RIGHT I_TURN_RIGHT I_TURN_RIGHT I_TURN_RIGHT I_TURN_RIGHT,I_LOOK I_TURN_RIGHT I_TURN_RIGHT I_TURN_RIGHT I_TURN_RIGHT I_TURN_RIGHT I_TURN_RIGHT I_TURN_RIGHT,REPETITION,standard
run thrice after turn opposite left twice,I_TURN_LEFT I_TURN_LEFT I_TURN_LEFT I_TURN_LEFT I_RUN I_RUN I_RUN,I_TURN_LEFT I_TURN_LEFT I_TURN_LEFT I_TURN_LEFT I_TURN_LEFT I_RUN I_RUN I_RUN,REPETITION,standard
look around left after turn left thrice,I_TURN_LEFT I_TURN_LEFT I_TURN_LEFT I_TURN_LEFT I_LOOK I_TURN_LEFT I_LOOK I_TURN_LE,I_TURN_LEFT I_TURN_LEFT I_TURN_LEFT I_TURN_LEFT I_TURN_LEFT I_LOOK I_TURN_LEFT I_LO,WRONG ACTION,standard
turn opposite right thrice and jump around right,I_TURN_RIGHT I_TURN_RIGHT I_TURN_RIGHT I_TURN_RIGHT I_TURN_RIGHT I_TURN_RIGHT I_TURN_RIGHT I_JUMP I_TUR,I_TURN_RIGHT I_TURN_RIGHT I_TURN_RIGHT I_TURN_RIGHT I_TURN_RIGHT I_TURN_RIGHT I_TURN_RIGHT I_TURN_RIGHT I,WRONG ACTION,standard
turn opposite left twice and run opposite left thrice,I_TURN_LEFT I_TURN_LEFT I_TURN_LEFT I_TURN_LEFT I_TURN_LEFT I_TURN_LEFT I_RUN I_TUR,I_TURN_LEFT I_TURN_LEFT I_TURN_LEFT I_TURN_LEFT I_TURN_LEFT I_TURN_LEFT I_TURN_LEFT,INCOMPLETE,standard
turn around right after turn left thrice,I_TURN_LEFT I_TURN_LEFT I_TURN_LEFT I_TURN_RIGHT I_TURN_RIGHT I_TURN_RIGHT I_TURN_RIGHT,I_TURN_LEFT I_TURN_LEFT I_TURN_LEFT I_TURN_RIGHT I_TURN_RIGHT I_TURN_RIGHT I_TURN_RIGHT I_TURN,REPETITION,standard
turn left twice and run opposite left twice,I_TURN_LEFT I_TURN_LEFT I_TURN_LEFT I_TURN_LEFT I_RUN I_TURN_LEFT I_TURN_LEFT I_R,I_TURN_LEFT I_TURN_LEFT I_TURN_LEFT I_TURN_LEFT I_TURN_LEFT I_RUN I_TURN_LEFT I_TUR,WRONG ACTION,standard
turn opposite right thrice and run around right twice,I_TURN_RIGHT I_TURN_RIGHT I_TURN_RIGHT I_TURN_RIGHT I_TURN_RIGHT I_TURN_RIGHT I_TURN_RIGHT I_RUN I_TUR,I_TURN_RIGHT I_TURN_RIGHT I_TURN_RIGHT I_TURN_RIGHT I_TURN_RIGHT I_TURN_RIGHT I_TURN_RIGHT I_TURN_RIGHT I,WRONG ACTION,standard
walk around right and turn right,I_TURN_RIGHT I_WALK I_TURN_RIGHT I_WALK I_TURN_RIGHT I_WALK I_TURN_RIGHT I_WALK I_TURN_RIGHT,I_TURN_RIGHT I_WALK I_TURN_RIGHT I_WALK I_TURN_RIGHT I_WALK I_TURN_RIGHT I_WALK I_TURN_RIGHT I_TUR,REPETITION,standard
run right thrice after turn opposite right thrice,I_TURN_RIGHT I_TURN_RIGHT I_TURN_RIGHT I_TURN_RIGHT I_TURN_RIGHT I_TURN_RIGHT I_TURN_RIGHT I_RUN I_TUR,I_TURN_RIGHT I_TURN_RIGHT I_TURN_RIGHT I_TURN_RIGHT I_TURN_RIGHT I_TURN_RIGHT I_TURN_RIGHT I_TURN_RIGHT I,WRONG ACTION,standard
turn opposite left thrice and look,I_TURN_LEFT I_TURN_LEFT I_TURN_LEFT I_TURN_LEFT I_TURN_LEFT I_TURN_LEFT I_LOOK,I_TURN_LEFT I_TURN_LEFT I_TURN_LEFT I_TURN_LEFT I_TURN_LEFT I_TURN_LEFT I_TURN_LEFT,WRONG ACTION,standard
run left and turn opposite right thrice,I_TURN_LEFT I_RUN I_TURN_RIGHT I_TURN_RIGHT I_TURN_RIGHT I_TURN_RIGHT I_TURN_RIGHT I_TURN_RIGHT,I_TURN_LEFT I_RUN I_TURN_RIGHT I_TURN_RIGHT I_TURN_RIGHT I_TURN_RIGHT I_TURN_RIGHT I_TURN_RIGHT I_,REPETITION,standard
turn left after turn left thrice,I_TURN_LEFT I_TURN_LEFT I_TURN_LEFT I_TURN_LEFT,I_TURN_LEFT I_TURN_LEFT I_TURN_LEFT I_TURN_LEFT I_TURN_LEFT,REPETITION,standard
jump around right after turn left,I_TURN_LEFT I_TURN_RIGHT I_JUMP I_TURN_RIGHT I_JUMP I_TURN_RIGHT I_JUMP I_TURN_RIGHT I_JUMP,I_TURN_LEFT I_TURN_RIGHT I_JUMP I_TURN_RIGHT I_JUMP I_TURN_RIGHT I_JUMP I_TURN_RIGHT I_JUMP I_,REPETITION,standard
look around right and look twice,I_TURN_RIGHT I_LOOK I_TURN_RIGHT I_LOOK I_TURN_RIGHT I_LOOK I_TURN_RIGHT I_LOOK I_LOOK I_LOOK,I_TURN_RIGHT I_LOOK I_TURN_RIGHT I_LOOK I_TURN_RIGHT I_LOOK I_TURN_RIGHT I_LOOK I_LOOK I_LOOK I,REPETITION,standard
look around right after run,I_RUN I_TURN_RIGHT I_LOOK I_TURN_RIGHT I_LOOK I_TURN_RIGHT I_LOOK I_TURN_RIGHT I_LOOK,I_RUN I_TURN_RIGHT I_LOOK I_TURN_RIGHT I_LOOK I_TURN_RIGHT I_LOOK I_TURN_RIGHT I_LOOK I_TURN_,REPETITION,standard
walk opposite left twice after turn around left,I_TURN_LEFT I_TURN_LEFT I_TURN_LEFT I_TURN_LEFT I_TURN_LEFT I_TURN_LEFT I_WALK I_TUR,I_TURN_LEFT I_TURN_LEFT I_TURN_LEFT I_TURN_LEFT I_TURN_LEFT I_WALK I_TURN_LEFT I_TUR,WRONG ORDER,standard
walk around right and walk twice,I_TURN_RIGHT I_WALK I_TURN_RIGHT I_WALK I_TURN_RIGHT I_WALK I_TURN_RIGHT I_WALK I_WALK I_WALK,I_TURN_RIGHT I_WALK I_TURN_RIGHT I_WALK I_TURN_RIGHT I_WALK I_TURN_RIGHT I_WALK I_WALK I_WALK I,REPETITION,standard
run around right,I_TURN_RIGHT I_RUN I_TURN_RIGHT I_RUN I_TURN_RIGHT I_RUN I_TURN_RIGHT I_RUN,I_TURN_RIGHT I_RUN I_TURN_RIGHT I_RUN I_TURN_RIGHT I_RUN I_TURN_RIGHT I_RUN I_TURN_RIGHT I_R,REPETITION,standard
jump opposite left and turn around right,I_TURN_LEFT I_TURN_LEFT I_JUMP I_TURN_RIGHT I_TURN_RIGHT I_TURN_RIGHT I_TURN_RIGHT,I_TURN_LEFT I_TURN_LEFT I_JUMP I_TURN_RIGHT I_TURN_RIGHT I_TURN_RIGHT I_TURN_RIGHT I_TURN_RIGHT,REPETITION,standard
run around right and jump twice,I_TURN_RIGHT I_RUN I_TURN_RIGHT I_RUN I_TURN_RIGHT I_RUN I_TURN_RIGHT I_RUN I_JUMP I_JUMP,I_TURN_RIGHT I_RUN I_TURN_RIGHT I_RUN I_TURN_RIGHT I_RUN I_TURN_RIGHT I_RUN I_JUMP I_JUMP I,REPETITION,standard
turn left thrice and look around left,I_TURN_LEFT I_TURN_LEFT I_TURN_LEFT I_TURN_LEFT I_LOOK I_TURN_LEFT I_LOOK I_TURN_LE,I_TURN_LEFT I_TURN_LEFT I_TURN_LEFT I_TURN_LEFT I_TURN_LEFT I_LOOK I_TURN_LEFT I_LO,WRONG ACTION,standard
jump around right and walk twice,I_TURN_RIGHT I_JUMP I_TURN_RIGHT I_JUMP I_TURN_RIGHT I_JUMP I_TURN_RIGHT I_JUMP I_WALK I_WALK,I_TURN_RIGHT I_JUMP I_TURN_RIGHT I_JUMP I_TURN_RIGHT I_JUMP I_TURN_RIGHT I_JUMP I_WALK I_WALK I,REPETITION,standard
run left thrice and turn left twice,I_TURN_LEFT I_RUN I_TURN_LEFT I_RUN I_TURN_LEFT I_RUN I_TURN_LEFT I_TURN_LEFT,I_TURN_LEFT I_RUN I_TURN_LEFT I_RUN I_TURN_LEFT I_RUN I_TURN_LEFT I_TURN_LEFT I_,REPETITION,standard
run after turn around left,I_TURN_LEFT I_TURN_LEFT I_TURN_LEFT I_TURN_LEFT I_RUN,I_TURN_LEFT I_TURN_LEFT I_TURN_LEFT I_TURN_LEFT I_TURN_LEFT I_RUN,REPETITION,standard
run left twice after turn left thrice,I_TURN_LEFT I_TURN_LEFT I_TURN_LEFT I_TURN_LEFT I_RUN I_TURN_LEFT I_RUN,I_TURN_LEFT I_TURN_LEFT I_TURN_LEFT I_TURN_LEFT I_TURN_LEFT I_RUN I_TURN_LEFT I_R,REPETITION,standard
turn opposite right twice,I_TURN_RIGHT I_TURN_RIGHT I_TURN_RIGHT I_TURN_RIGHT,I_TURN_RIGHT I_TURN_RIGHT I_TURN_RIGHT I_TURN_RIGHT I_TURN_RIGHT,REPETITION,standard
run around right after run,I_RUN I_TURN_RIGHT I_RUN I_TURN_RIGHT I_RUN I_TURN_RIGHT I_RUN I_TURN_RIGHT I_RUN,I_RUN I_TURN_RIGHT I_RUN I_TURN_RIGHT I_RUN I_TURN_RIGHT I_RUN I_TURN_RIGHT I_RUN I_TURN_,REPETITION,standard
turn opposite right thrice and jump around right,I_TURN_RIGHT I_TURN_RIGHT I_TURN_RIGHT I_TURN_RIGHT I_TURN_RIGHT I_TURN_RIGHT I_TURN_RIGHT I_JUMP I_TUR,I_TURN_RIGHT I_TURN_RIGHT I_TURN_RIGHT I_TURN_RIGHT I_TURN_RIGHT I_TURN_RIGHT I_TURN_RIGHT I_TURN_RIGHT I,WRONG ACTION,fewshot
jump around right twice after turn opposite right thrice,I_TURN_RIGHT I_TURN_RIGHT I_TURN_RIGHT I_TURN_RIGHT I_TURN_RIGHT I_TURN_RIGHT I_TURN_RIGHT I_JUMP I_TUR,I_TURN_RIGHT I_TURN_RIGHT I_TURN_RIGHT I_TURN_RIGHT I_TURN_RIGHT I_TURN_RIGHT I_TURN_RIGHT I_TURN_RIGHT I,WRONG ACTION,fewshot
turn opposite right thrice and jump around right twice,I_TURN_RIGHT I_TURN_RIGHT I_TURN_RIGHT I_TURN_RIGHT I_TURN_RIGHT I_TURN_RIGHT I_TURN_RIGHT I_JUMP I_TUR,I_TURN_RIGHT I_TURN_RIGHT I_TURN_RIGHT I_TURN_RIGHT I_TURN_RIGHT I_TURN_RIGHT I_TURN_RIGHT I_TURN_RIGHT I,WRONG ACTION,fewshot
turn left and jump around right,I_TURN_LEFT I_TURN_RIGHT I_JUMP I_TURN_RIGHT I_JUMP I_TURN_RIGHT I_JUMP I_TURN_RIGHT I_JUMP,I_TURN_LEFT I_TURN_RIGHT I_JUMP I_TURN_RIGHT I_JUMP I_TURN_RIGHT I_JUMP I_TURN_RIGHT I_JUMP I_,REPETITION,fewshot
jump twice after jump around right,I_TURN_RIGHT I_JUMP I_TURN_RIGHT I_JUMP I_TURN_RIGHT I_JUMP I_TURN_RIGHT I_JUMP I_JUMP I_JUMP,I_TURN_RIGHT I_JUMP I_TURN_RIGHT I_JUMP I_TURN_RIGHT I_JUMP I_TURN_RIGHT I_JUMP I_JUMP I_JUMP I,REPETITION,fewshot
jump and jump around right,I_JUMP I_TURN_RIGHT I_JUMP I_TURN_RIGHT I_JUMP I_TURN_RIGHT I_JUMP I_TURN_RIGHT I_JUMP,I_JUMP I_TURN_RIGHT I_JUMP I_TURN_RIGHT I_JUMP I_TURN_RIGHT I_JUMP I_TURN_RIGHT I_JUMP I_TURN_,REPETITION,fewshot
run and jump around right,I_RUN I_TURN_RIGHT I_JUMP I_TURN_RIGHT I_JUMP I_TURN_RIGHT I_JUMP I_TURN_RIGHT I_JUMP,I_RUN I_TURN_RIGHT I_JUMP I_TURN_RIGHT I_JUMP I_TURN_RIGHT I_JUMP I_TURN_RIGHT I_JUMP I_TURN_,REPETITION,fewshot
jump around right thrice after turn opposite right thrice,I_TURN_RIGHT I_TURN_RIGHT I_TURN_RIGHT I_TURN_RIGHT I_TURN_RIGHT I_TURN_RIGHT I_TURN_RIGHT I_JUMP I_TUR,I_TURN_RIGHT I_TURN_RIGHT I_TURN_RIGHT I_TURN_RIGHT I_TURN_RIGHT I_TURN_RIGHT I_TURN_RIGHT I_TURN_RIGHT I,WRONG ACTION,fewshot
jump around right after turn opposite right thrice,I_TURN_RIGHT I_TURN_RIGHT I_TURN_RIGHT I_TURN_RIGHT I_TURN_RIGHT I_TURN_RIGHT I_TURN_RIGHT I_JUMP I_TUR,I_TURN_RIGHT I_TURN_RIGHT I_TURN_RIGHT I_TURN_RIGHT I_TURN_RIGHT I_TURN_RIGHT I_TURN_RIGHT I_TURN_RIGHT I,WRONG ACTION,fewshot
jump around right and walk twice,I_TURN_RIGHT I_JUMP I_TURN_RIGHT I_JUMP I_TURN_RIGHT I_JUMP I_TURN_RIGHT I_JUMP I_WALK I_WALK,I_TURN_RIGHT I_JUMP I_TURN_RIGHT I_JUMP I_TURN_RIGHT I_JUMP I_TURN_RIGHT I_JUMP I_WALK I_WALK I,REPETITION,fewshot
turn opposite right thrice and jump around right thrice,I_TURN_RIGHT I_TURN_RIGHT I_TURN_RIGHT I_TURN_RIGHT I_TURN_RIGHT I_TURN_RIGHT I_TURN_RIGHT I_JUMP I_TUR,I_TURN_RIGHT I_TURN_RIGHT I_TURN_RIGHT I_TURN_RIGHT I_TURN_RIGHT I_TURN_RIGHT I_TURN_RIGHT I_TURN_RIGHT I,WRONG ACTION,fewshot
jump around right and look twice,I_TURN_RIGHT I_JUMP I_TURN_RIGHT I_JUMP I_TURN_RIGHT I_JUMP I_TURN_RIGHT I_JUMP I_LOOK I_LOOK,I_TURN_RIGHT I_JUMP I_TURN_RIGHT I_JUMP I_TURN_RIGHT I_JUMP I_TURN_RIGHT I_JUMP I_LOOK I_LOOK I,REPETITION,fewshot
jump around right and jump twice,I_TURN_RIGHT I_JUMP I_TURN_RIGHT I_JUMP I_TURN_RIGHT I_JUMP I_TURN_RIGHT I_JUMP I_JUMP I_JUMP,I_TURN_RIGHT I_JUMP I_TURN_RIGHT I_JUMP I_TURN_RIGHT I_JUMP I_TURN_RIGHT I_JUMP I_JUMP I_JUMP I,REPETITION,fewshot
run twice after jump around right,I_TURN_RIGHT I_JUMP I_TURN_RIGHT I_JUMP I_TURN_RIGHT I_JUMP I_TURN_RIGHT I_JUMP I_RUN I_RUN,I_TURN_RIGHT I_JUMP I_TURN_RIGHT I_JUMP I_TURN_RIGHT I_JUMP I_TURN_RIGHT I_JUMP I_RUN I_RUN I,REPETITION,fewshot
jump around right and run twice,I_TURN_RIGHT I_JUMP I_TURN_RIGHT I_JUMP I_TURN_RIGHT I_JUMP I_TURN_RIGHT I_JUMP I_RUN I_RUN,I_TURN_RIGHT I_JUMP I_TURN_RIGHT I_JUMP I_TURN_RIGHT I_JUMP I_TURN_RIGHT I_JUMP I_RUN I_RUN I,REPETITION,fewshot
jump around right after turn left,I_TURN_LEFT I_TURN_RIGHT I_JUMP I_TURN_RIGHT I_JUMP I_TURN_RIGHT I_JUMP I_TURN_RIGHT I_JUMP,I_TURN_LEFT I_TURN_RIGHT I_JUMP I_TURN_RIGHT I_JUMP I_TURN_RIGHT I_JUMP I_TURN_RIGHT I_JUMP I_,REPETITION,fewshot
jump around right after jump,I_JUMP I_TURN_RIGHT I_JUMP I_TURN_RIGHT I_JUMP I_TURN_RIGHT I_JUMP I_TURN_RIGHT I_JUMP,I_JUMP I_TURN_RIGHT I_JUMP I_TURN_RIGHT I_JUMP I_TURN_RIGHT I_JUMP I_TURN_RIGHT I_JUMP I_TURN_,REPETITION,fewshot
jump around right and turn right,I_TURN_RIGHT I_JUMP I_TURN_RIGHT I_JUMP I_TURN_RIGHT I_JUMP I_TURN_RIGHT I_JUMP I_TURN_RIGHT,I_TURN_RIGHT I_JUMP I_TURN_RIGHT I_JUMP I_TURN_RIGHT I_JUMP I_TURN_RIGHT I_JUMP I_TURN_RIGHT I_TUR,REPETITION,fewshot
walk twice after jump around right,I_TURN_RIGHT I_JUMP I_TURN_RIGHT I_JUMP I_TURN_RIGHT I_JUMP I_TURN_RIGHT I_JUMP I_WALK I_WALK,I_TURN_RIGHT I_JUMP I_TURN_RIGHT I_JUMP I_TURN_RIGHT I_JUMP I_TURN_RIGHT I_JUMP I_WALK I_WALK I,REPETITION,fewshot
turn left twice after jump left thrice,I_TURN_LEFT I_JUMP I_TURN_LEFT I_JUMP I_TURN_LEFT I_JUMP I_TURN_LEFT I_TURN_LEFT,I_TURN_LEFT I_JUMP I_TURN_LEFT I_JUMP I_TURN_LEFT I_JUMP I_TURN_LEFT I_TURN_LEFT I_,REPETITION,addprim_jump
run and jump around right,I_RUN I_TURN_RIGHT I_JUMP I_TURN_RIGHT I_JUMP I_TURN_RIGHT I_JUMP I_TURN_RIGHT I_JUMP,I_RUN I_TURN_RIGHT I_JUMP I_TURN_RIGHT I_JUMP I_TURN_RIGHT I_JUMP I_TURN_RIGHT I_JUMP I_TURN_,REPETITION,addprim_jump
jump opposite left thrice after turn around left,I_TURN_LEFT I_TURN_LEFT I_TURN_LEFT I_TURN_LEFT I_TURN_LEFT I_TURN_LEFT I_JUMP I_TUR,I_TURN_LEFT I_TURN_LEFT I_TURN_LEFT I_TURN_LEFT I_TURN_LEFT I_JUMP I_TURN_LEFT I_TUR,WRONG ORDER,addprim_jump
jump around right thrice after turn opposite right thrice,I_TURN_RIGHT I_TURN_RIGHT I_TURN_RIGHT I_TURN_RIGHT I_TURN_RIGHT I_TURN_RIGHT I_TURN_RIGHT I_JUMP I_TUR,I_TURN_RIGHT I_TURN_RIGHT I_TURN_RIGHT I_TURN_RIGHT I_TURN_RIGHT I_TURN_RIGHT I_TURN_RIGHT I_TURN_RIGHT I,WRONG ACTION,addprim_jump
look around right and jump twice,I_TURN_RIGHT I_LOOK I_TURN_RIGHT I_LOOK I_TURN_RIGHT I_LOOK I_TURN_RIGHT I_LOOK I_JUMP I_JUMP,I_TURN_RIGHT I_LOOK I_TURN_RIGHT I_LOOK I_TURN_RIGHT I_LOOK I_TURN_RIGHT I_LOOK I_JUMP I_JUMP I,REPETITION,addprim_jump
jump twice and turn opposite right thrice,I_JUMP I_JUMP I_TURN_RIGHT I_TURN_RIGHT I_TURN_RIGHT I_TURN_RIGHT I_TURN_RIGHT I_TURN_RIGHT,I_JUMP I_JUMP I_TURN_RIGHT I_TURN_RIGHT I_TURN_RIGHT I_TURN_RIGHT I_TURN_RIGHT I_TURN_RIGHT I_TURN_,REPETITION,addprim_jump
turn opposite left twice and jump left,I_TURN_LEFT I_TURN_LEFT I_TURN_LEFT I_TURN_LEFT I_TURN_LEFT I_JUMP,I_TURN_LEFT I_TURN_LEFT I_TURN_LEFT I_TURN_LEFT I_TURN_LEFT I_TURN_LEFT I_JUMP,REPETITION,addprim_jump
jump thrice after turn opposite left thrice,I_TURN_LEFT I_TURN_LEFT I_TURN_LEFT I_TURN_LEFT I_TURN_LEFT I_TURN_LEFT I_JUMP I_J,I_TURN_LEFT I_TURN_LEFT I_TURN_LEFT I_TURN_LEFT I_TURN_LEFT I_TURN_LEFT I_TURN_LEFT,INCOMPLETE,addprim_jump
turn around right after jump right twice,I_TURN_RIGHT I_JUMP I_TURN_RIGHT I_JUMP I_TURN_RIGHT I_TURN_RIGHT I_TURN_RIGHT I_TURN_RIGHT,I_TURN_RIGHT I_JUMP I_TURN_RIGHT I_JUMP I_TURN_RIGHT I_TURN_RIGHT I_TURN_RIGHT I_TURN_RIGHT I_TURN_,REPETITION,addprim_jump
jump left thrice and turn left twice,I_TURN_LEFT I_JUMP I_TURN_LEFT I_JUMP I_TURN_LEFT I_JUMP I_TURN_LEFT I_TURN_LEFT,I_TURN_LEFT I_JUMP I_TURN_LEFT I_JUMP I_TURN_LEFT I_JUMP I_TURN_LEFT I_TURN_LEFT I_,REPETITION,addprim_jump
jump left and turn opposite right thrice,I_TURN_LEFT I_JUMP I_TURN_RIGHT I_TURN_RIGHT I_TURN_RIGHT I_TURN_RIGHT I_TURN_RIGHT I_TURN_RIGHT,I_TURN_LEFT I_JUMP I_TURN_RIGHT I_TURN_RIGHT I_TURN_RIGHT I_TURN_RIGHT I_TURN_RIGHT I_TURN_RIGHT I_,REPETITION,addprim_jump
jump around right twice after turn opposite right thrice,I_TURN_RIGHT I_TURN_RIGHT I_TURN_RIGHT I_TURN_RIGHT I_TURN_RIGHT I_TURN_RIGHT I_TURN_RIGHT I_JUMP I_TUR,I_TURN_RIGHT I_TURN_RIGHT I_TURN_RIGHT I_TURN_RIGHT I_TURN_RIGHT I_TURN_RIGHT I_TURN_RIGHT I_TURN_RIGHT I,WRONG ACTION,addprim_jump
jump thrice after turn left thrice,I_TURN_LEFT I_TURN_LEFT I_TURN_LEFT I_JUMP I_JUMP I_JUMP,I_TURN_LEFT I_TURN_LEFT I_TURN_LEFT I_TURN_LEFT I_JUMP I_JUMP I_JUMP,REPETITION,addprim_jump
run twice after jump around right,I_TURN_RIGHT I_JUMP I_TURN_RIGHT I_JUMP I_TURN_RIGHT I_JUMP I_TURN_RIGHT I_JUMP I_RUN I_RUN,I_TURN_RIGHT I_JUMP I_TURN_RIGHT I_JUMP I_TURN_RIGHT I_JUMP I_TURN_RIGHT I_JUMP I_RUN I_RUN I,REPETITION,addprim_jump
turn opposite left thrice and jump twice,I_TURN_LEFT I_TURN_LEFT I_TURN_LEFT I_TURN_LEFT I_TURN_LEFT I_TURN_LEFT I_JUMP I_J,I_TURN_LEFT I_TURN_LEFT I_TURN_LEFT I_TURN_LEFT I_TURN_LEFT I_TURN_LEFT I_TURN_LEFT,INCOMPLETE,addprim_jump
jump thrice after turn opposite left twice,I_TURN_LEFT I_TURN_LEFT I_TURN_LEFT I_TURN_LEFT I_JUMP I_JUMP I_JUMP,I_TURN_LEFT I_TURN_LEFT I_TURN_LEFT I_TURN_LEFT I_TURN_LEFT I_JUMP I_JUMP I_JUMP,REPETITION,addprim_jump
jump twice after turn opposite left thrice,I_TURN_LEFT I_TURN_LEFT I_TURN_LEFT I_TURN_LEFT I_TURN_LEFT I_TURN_LEFT I_JUMP I_J,I_TURN_LEFT I_TURN_LEFT I_TURN_LEFT I_TURN_LEFT I_TURN_LEFT I_TURN_LEFT I_TURN_LEFT,INCOMPLETE,addprim_jump
jump right after turn opposite right thrice,I_TURN_RIGHT I_TURN_RIGHT I_TURN_RIGHT I_TURN_RIGHT I_TURN_RIGHT I_TURN_RIGHT I_TURN_RIGHT I_JUMP,I_TURN_RIGHT I_TURN_RIGHT I_TURN_RIGHT I_TURN_RIGHT I_TURN_RIGHT I_TURN_RIGHT I_TURN_RIGHT I_TURN_RIGHT I,WRONG ACTION,addprim_jump
turn opposite left twice after jump thrice,I_JUMP I_JUMP I_JUMP I_TURN_LEFT I_TURN_LEFT I_TURN_LEFT I_TURN_LEFT,I_JUMP I_JUMP I_JUMP I_TURN_LEFT I_TURN_LEFT I_TURN_LEFT I_TURN_LEFT I_TURN_LEFT,REPETITION,addprim_jump
jump right and turn opposite right thrice,I_TURN_RIGHT I_JUMP I_TURN_RIGHT I_TURN_RIGHT I_TURN_RIGHT I_TURN_RIGHT I_TURN_RIGHT I_TURN_RIGHT,I_TURN_RIGHT I_JUMP I_TURN_RIGHT I_TURN_RIGHT I_TURN_RIGHT I_TURN_RIGHT I_TURN_RIGHT I_TURN_RIGHT I_TUR,REPETITION,addprim_jump
turn opposite left thrice and jump,I_TURN_LEFT I_TURN_LEFT I_TURN_LEFT I_TURN_LEFT I_TURN_LEFT I_TURN_LEFT I_JUMP,I_TURN_LEFT I_TURN_LEFT I_TURN_LEFT I_TURN_LEFT I_TURN_LEFT I_TURN_LEFT I_TURN_LEFT,WRONG ACTION,addprim_jump
turn opposite right thrice and jump right,I_TURN_RIGHT I_TURN_RIGHT I_TURN_RIGHT I_TURN_RIGHT I_TURN_RIGHT I_TURN_RIGHT I_TURN_RIGHT I_JUMP,I_TURN_RIGHT I_TURN_RIGHT I_TURN_RIGHT I_TURN_RIGHT I_TURN_RIGHT I_TURN_RIGHT I_TURN_RIGHT I_TURN_RIGHT I,WRONG ACTION,addprim_jump
turn around right after jump opposite left,I_TURN_LEFT I_TURN_LEFT I_JUMP I_TURN_RIGHT I_TURN_RIGHT I_TURN_RIGHT I_TURN_RIGHT,I_TURN_LEFT I_TURN_LEFT I_JUMP I_TURN_RIGHT I_TURN_RIGHT I_TURN_RIGHT I_TURN_RIGHT I_TURN_RIGHT,REPETITION,addprim_jump
turn opposite right thrice after jump twice,I_JUMP I_JUMP I_TURN_RIGHT I_TURN_RIGHT I_TURN_RIGHT I_TURN_RIGHT I_TURN_RIGHT I_TURN_RIGHT,I_JUMP I_JUMP I_TURN_RIGHT I_TURN_RIGHT I_TURN_RIGHT I_TURN_RIGHT I_TURN_RIGHT I_TURN_RIGHT I_TURN_,REPETITION,addprim_jump
jump and run around right,I_JUMP I_TURN_RIGHT I_RUN I_TURN_RIGHT I_RUN I_TURN_RIGHT I_RUN I_TURN_RIGHT I_RUN,I_JUMP I_TURN_RIGHT I_RUN I_TURN_RIGHT I_RUN I_TURN_RIGHT I_RUN I_TURN_RIGHT I_RUN I_TURN_,REPETITION,addprim_jump
jump opposite left after turn opposite left twice,I_TURN_LEFT I_TURN_LEFT I_TURN_LEFT I_TURN_LEFT I_TURN_LEFT I_TURN_LEFT I_JUMP,I_TURN_LEFT I_TURN_LEFT I_TURN_LEFT I_TURN_LEFT I_TURN_LEFT I_TURN_LEFT I_TURN_LEFT,WRONG ACTION,addprim_jump
turn opposite right thrice and jump right twice,I_TURN_RIGHT I_TURN_RIGHT I_TURN_RIGHT I_TURN_RIGHT I_TURN_RIGHT I_TURN_RIGHT I_TURN_RIGHT I_JUMP I_TUR,I_TURN_RIGHT I_TURN_RIGHT I_TURN_RIGHT I_TURN_RIGHT I_TURN_RIGHT I_TURN_RIGHT I_TURN_RIGHT I_TURN_RIGHT I,WRONG ACTION,addprim_jump
jump thrice and jump thrice,I_JUMP I_JUMP I_JUMP I_JUMP I_JUMP I_JUMP,I_JUMP I_JUMP I_JUMP I_JUMP I_JUMP I_JUMP I_JUMP,REPETITION,addprim_jump
turn opposite left thrice and jump thrice,I_TURN_LEFT I_TURN_LEFT I_TURN_LEFT I_TURN_LEFT I_TURN_LEFT I_TURN_LEFT I_JUMP I_J,I_TURN_LEFT I_TURN_LEFT I_TURN_LEFT I_TURN_LEFT I_TURN_LEFT I_TURN_LEFT I_TURN_LEFT,INCOMPLETE,addprim_jump
look around right after jump,I_JUMP I_TURN_RIGHT I_LOOK I_TURN_RIGHT I_LOOK I_TURN_RIGHT I_LOOK I_TURN_RIGHT I_LOOK,I_JUMP I_TURN_RIGHT I_LOOK I_TURN_RIGHT I_LOOK I_TURN_RIGHT I_LOOK I_TURN_RIGHT I_LOOK I_TURN_,REPETITION,addprim_jump
jump around right after turn opposite right thrice,I_TURN_RIGHT I_TURN_RIGHT I_TURN_RIGHT I_TURN_RIGHT I_TURN_RIGHT I_TURN_RIGHT I_TURN_RIGHT I_JUMP I_TUR,I_TURN_RIGHT I_TURN_RIGHT I_TURN_RIGHT I_TURN_RIGHT I_TURN_RIGHT I_TURN_RIGHT I_TURN_RIGHT I_TURN_RIGHT I,WRONG ACTION,addprim_jump
jump and turn opposite right thrice,I_JUMP I_TURN_RIGHT I_TURN_RIGHT I_TURN_RIGHT I_TURN_RIGHT I_TURN_RIGHT I_TURN_RIGHT,I_JUMP I_TURN_RIGHT I_TURN_RIGHT I_TURN_RIGHT I_TURN_RIGHT I_TURN_RIGHT I_TURN_RIGHT I_TURN_RIGHT,REPETITION,addprim_jump
jump around left after turn opposite right thrice,I_TURN_RIGHT I_TURN_RIGHT I_TURN_RIGHT I_TURN_RIGHT I_TURN_RIGHT I_TURN_RIGHT I_TURN_LEFT I_JUMP I_,I_TURN_RIGHT I_TURN_RIGHT I_TURN_RIGHT I_TURN_RIGHT I_TURN_RIGHT I_TURN_RIGHT I_TURN_RIGHT I_TURN_LEFT,INCOMPLETE,addprim_jump
jump right twice and turn opposite right twice,I_TURN_RIGHT I_JUMP I_TURN_RIGHT I_JUMP I_TURN_RIGHT I_TURN_RIGHT I_TURN_RIGHT I_TURN_RIGHT,I_TURN_RIGHT I_JUMP I_TURN_RIGHT I_JUMP I_TURN_RIGHT I_TURN_RIGHT I_TURN_RIGHT I_TURN_RIGHT I_TURN_,REPETITION,addprim_jump
walk twice after jump around right,I_TURN_RIGHT I_JUMP I_TURN_RIGHT I_JUMP I_TURN_RIGHT I_JUMP I_TURN_RIGHT I_JUMP I_WALK I_WALK,I_TURN_RIGHT I_JUMP I_TURN_RIGHT I_JUMP I_TURN_RIGHT I_JUMP I_TURN_RIGHT I_JUMP I_WALK I_WALK I,REPETITION,addprim_jump
jump twice after jump around right,I_TURN_RIGHT I_JUMP I_TURN_RIGHT I_JUMP I_TURN_RIGHT I_JUMP I_TURN_RIGHT I_JUMP I_JUMP I_JUMP,I_TURN_RIGHT I_JUMP I_TURN_RIGHT I_JUMP I_TURN_RIGHT I_JUMP I_TURN_RIGHT I_JUMP I_JUMP I_JUMP I,REPETITION,addprim_jump
turn opposite right thrice after jump right,I_TURN_RIGHT I_JUMP I_TURN_RIGHT I_TURN_RIGHT I_TURN_RIGHT I_TURN_RIGHT I_TURN_RIGHT I_TURN_RIGHT,I_TURN_RIGHT I_JUMP I_TURN_RIGHT I_TURN_RIGHT I_TURN_RIGHT I_TURN_RIGHT I_TURN_RIGHT I_TURN_RIGHT I_TUR,REPETITION,addprim_jump
walk around right and jump twice,I_TURN_RIGHT I_WALK I_TURN_RIGHT I_WALK I_TURN_RIGHT I_WALK I_TURN_RIGHT I_WALK I_JUMP I_JUMP,I_TURN_RIGHT I_WALK I_TURN_RIGHT I_WALK I_TURN_RIGHT I_WALK I_TURN_RIGHT I_WALK I_JUMP I_JUMP I,REPETITION,addprim_jump
turn opposite right thrice after jump,I_JUMP I_TURN_RIGHT I_TURN_RIGHT I_TURN_RIGHT I_TURN_RIGHT I_TURN_RIGHT I_TURN_RIGHT,I_JUMP I_TURN_RIGHT I_TURN_RIGHT I_TURN_RIGHT I_TURN_RIGHT I_TURN_RIGHT I_TURN_RIGHT I_TURN_RIGHT,REPETITION,addprim_jump
jump opposite right thrice,I_TURN_RIGHT I_TURN_RIGHT I_JUMP I_TURN_RIGHT I_TURN_RIGHT I_JUMP I_TURN_RIGHT I_TURN_RIGHT I_JUMP,I_TURN_RIGHT I_TURN_RIGHT I_JUMP I_TURN_RIGHT I_TURN_RIGHT I_JUMP I_TURN_RIGHT I_TURN_RIGHT I_JUMP I,REPETITION,addprim_jump
jump thrice,I_JUMP I_JUMP I_JUMP,I_JUMP I_JUMP I_JUMP I_JUMP,REPETITION,addprim_jump
jump twice after run around right,I_TURN_RIGHT I_RUN I_TURN_RIGHT I_RUN I_TURN_RIGHT I_RUN I_TURN_RIGHT I_RUN I_JUMP I_JUMP,I_TURN_RIGHT I_RUN I_TURN_RIGHT I_RUN I_TURN_RIGHT I_RUN I_TURN_RIGHT I_RUN I_JUMP I_JUMP I,REPETITION,addprim_jump
turn opposite right twice after jump right twice,I_TURN_RIGHT I_JUMP I_TURN_RIGHT I_JUMP I_TURN_RIGHT I_TURN_RIGHT I_TURN_RIGHT I_TURN_RIGHT,I_TURN_RIGHT I_JUMP I_TURN_RIGHT I_JUMP I_TURN_RIGHT I_TURN_RIGHT I_TURN_RIGHT I_TURN_RIGHT I_TURN_,REPETITION,addprim_jump
jump left twice and turn around right,I_TURN_LEFT I_JUMP I_TURN_LEFT I_JUMP I_TURN_RIGHT I_TURN_RIGHT I_TURN_RIGHT I_TURN_RIGHT,I_TURN_LEFT I_JUMP I_TURN_LEFT I_JUMP I_TURN_RIGHT I_TURN_RIGHT I_TURN_RIGHT I_TURN_RIGHT I_TUR,REPETITION,addprim_jump
jump around left,I_TURN_LEFT I_JUMP I_TURN_LEFT I_JUMP I_TURN_LEFT I_JUMP I_TURN_LEFT I_JUMP,I_TURN_LEFT I_JUMP I_TURN_LEFT I_JUMP I_TURN_LEFT I_JUMP I_TURN_LEFT I_JUMP I_TURN_,REPETITION,addprim_jump
run around right after jump,I_JUMP I_TURN_RIGHT I_RUN I_TURN_RIGHT I_RUN I_TURN_RIGHT I_RUN I_TURN_RIGHT I_RUN,I_JUMP I_TURN_RIGHT I_RUN I_TURN_RIGHT I_RUN I_TURN_RIGHT I_RUN I_TURN_RIGHT I_RUN I_TURN_,REPETITION,addprim_jump
turn left thrice and jump around left,I_TURN_LEFT I_TURN_LEFT I_TURN_LEFT I_TURN_LEFT I_JUMP I_TURN_LEFT I_JUMP I_TURN_LE,I_TURN_LEFT I_TURN_LEFT I_TURN_LEFT I_TURN_LEFT I_TURN_LEFT I_JUMP I_TURN_LEFT I_J,WRONG ACTION,addprim_jump
jump right twice and turn around right,I_TURN_RIGHT I_JUMP I_TURN_RIGHT I_JUMP I_TURN_RIGHT I_TURN_RIGHT I_TURN_RIGHT I_TURN_RIGHT,I_TURN_RIGHT I_JUMP I_TURN_RIGHT I_JUMP I_TURN_RIGHT I_TURN_RIGHT I_TURN_RIGHT I_TURN_RIGHT I_TURN_,REPETITION,addprim_jump
jump opposite left after turn around left,I_TURN_LEFT I_TURN_LEFT I_TURN_LEFT I_TURN_LEFT I_TURN_LEFT I_TURN_LEFT I_JUMP,I_TURN_LEFT I_TURN_LEFT I_TURN_LEFT I_TURN_LEFT I_TURN_LEFT I_JUMP,INCOMPLETE,addprim_jump
jump left after turn opposite left twice,I_TURN_LEFT I_TURN_LEFT I_TURN_LEFT I_TURN_LEFT I_TURN_LEFT I_JUMP,I_TURN_LEFT I_TURN_LEFT I_TURN_LEFT I_TURN_LEFT I_TURN_LEFT I_TURN_LEFT I_JUMP,REPETITION,addprim_jump
turn around left and jump opposite left,I_TURN_LEFT I_TURN_LEFT I_TURN_LEFT I_TURN_LEFT I_TURN_LEFT I_TURN_LEFT I_JUMP,I_TURN_LEFT I_TURN_LEFT I_TURN_LEFT I_TURN_LEFT I_TURN_LEFT I_JUMP,INCOMPLETE,addprim_jump
jump twice after look around right,I_TURN_RIGHT I_LOOK I_TURN_RIGHT I_LOOK I_TURN_RIGHT I_LOOK I_TURN_RIGHT I_LOOK I_JUMP I_JUMP,I_TURN_RIGHT I_LOOK I_TURN_RIGHT I_LOOK I_TURN_RIGHT I_LOOK I_TURN_RIGHT I_LOOK I_JUMP I_JUMP I,REPETITION,addprim_jump
jump around right and look twice,I_TURN_RIGHT I_JUMP I_TURN_RIGHT I_JUMP I_TURN_RIGHT I_JUMP I_TURN_RIGHT I_JUMP I_LOOK I_LOOK,I_TURN_RIGHT I_JUMP I_TURN_RIGHT I_JUMP I_TURN_RIGHT I_JUMP I_TURN_RIGHT I_JUMP I_LOOK I_LOOK I,REPETITION,addprim_jump
turn opposite right thrice after jump left,I_TURN_LEFT I_JUMP I_TURN_RIGHT I_TURN_RIGHT I_TURN_RIGHT I_TURN_RIGHT I_TURN_RIGHT I_TURN_RIGHT,I_TURN_LEFT I_JUMP I_TURN_RIGHT I_TURN_RIGHT I_TURN_RIGHT I_TURN_RIGHT I_TURN_RIGHT I_TURN_RIGHT I_,REPETITION,addprim_jump
turn left and jump around right,I_TURN_LEFT I_TURN_RIGHT I_JUMP I_TURN_RIGHT I_JUMP I_TURN_RIGHT I_JUMP I_TURN_RIGHT I_JUMP,I_TURN_LEFT I_TURN_RIGHT I_JUMP I_TURN_RIGHT I_JUMP I_TURN_RIGHT I_JUMP I_TURN_RIGHT I_JUMP I_,REPETITION,addprim_jump
jump right twice after turn opposite right thrice,I_TURN_RIGHT I_TURN_RIGHT I_TURN_RIGHT I_TURN_RIGHT I_TURN_RIGHT I_TURN_RIGHT I_TURN_RIGHT I_JUMP I_TUR,I_TURN_RIGHT I_TURN_RIGHT I_TURN_RIGHT I_TURN_RIGHT I_TURN_RIGHT I_TURN_RIGHT I_TURN_RIGHT I_TURN_RIGHT I,WRONG ACTION,addprim_jump
turn opposite right thrice after jump thrice,I_JUMP I_JUMP I_JUMP I_TURN_RIGHT I_TURN_RIGHT I_TURN_RIGHT I_TURN_RIGHT I_TURN_RIGHT I_TURN_RIGHT,I_JUMP I_JUMP I_JUMP I_TURN_RIGHT I_TURN_RIGHT I_TURN_RIGHT I_TURN_RIGHT I_TURN_RIGHT I_TURN_RIGHT I,REPETITION,addprim_jump
turn opposite left thrice after jump,I_JUMP I_TURN_LEFT I_TURN_LEFT I_TURN_LEFT I_TURN_LEFT I_TURN_LEFT I_TURN_LEFT,I_JUMP I_TURN_LEFT I_TURN_LEFT I_TURN_LEFT I_TURN_LEFT I_TURN_LEFT I_TURN_LEFT I_TUR,REPETITION,addprim_jump
jump and jump around right,I_JUMP I_TURN_RIGHT I_JUMP I_TURN_RIGHT I_JUMP I_TURN_RIGHT I_JUMP I_TURN_RIGHT I_JUMP,I_JUMP I_TURN_RIGHT I_JUMP I_TURN_RIGHT I_JUMP I_TURN_RIGHT I_JUMP I_TURN_RIGHT I_JUMP I_TURN_,REPETITION,addprim_jump
jump opposite left twice after turn around left,I_TURN_LEFT I_TURN_LEFT I_TURN_LEFT I_TURN_LEFT I_TURN_LEFT I_TURN_LEFT I_JUMP I_TUR,I_TURN_LEFT I_TURN_LEFT I_TURN_LEFT I_TURN_LEFT I_TURN_LEFT I_JUMP I_TURN_LEFT I_TUR,WRONG ORDER,addprim_jump
jump around right after jump,I_JUMP I_TURN_RIGHT I_JUMP I_TURN_RIGHT I_JUMP I_TURN_RIGHT I_JUMP I_TURN_RIGHT I_JUMP,I_JUMP I_TURN_RIGHT I_JUMP I_TURN_RIGHT I_JUMP I_TURN_RIGHT I_JUMP I_TURN_RIGHT I_JUMP I_TURN_,REPETITION,addprim_jump
jump thrice and turn opposite right thrice,I_JUMP I_JUMP I_JUMP I_TURN_RIGHT I_TURN_RIGHT I_TURN_RIGHT I_TURN_RIGHT I_TURN_RIGHT I_TURN_RIGHT,I_JUMP I_JUMP I_JUMP I_TURN_RIGHT I_TURN_RIGHT I_TURN_RIGHT I_TURN_RIGHT I_TURN_RIGHT I_TURN_RIGHT I,REPETITION,addprim_jump
jump around right and turn right,I_TURN_RIGHT I_JUMP I_TURN_RIGHT I_JUMP I_TURN_RIGHT I_JUMP I_TURN_RIGHT I_JUMP I_TURN_RIGHT,I_TURN_RIGHT I_JUMP I_TURN_RIGHT I_JUMP I_TURN_RIGHT I_JUMP I_TURN_RIGHT I_JUMP I_TURN_RIGHT I_TUR,REPETITION,addprim_jump
jump after turn opposite left thrice,I_TURN_LEFT I_TURN_LEFT I_TURN_LEFT I_TURN_LEFT I_TURN_LEFT I_TURN_LEFT I_JUMP,I_TURN_LEFT I_TURN_LEFT I_TURN_LEFT I_TURN_LEFT I_TURN_LEFT I_TURN_LEFT I_TURN_LEFT,WRONG ACTION,addprim_jump
turn opposite right thrice and jump right thrice,I_TURN_RIGHT I_TURN_RIGHT I_TURN_RIGHT I_TURN_RIGHT I_TURN_RIGHT I_TURN_RIGHT I_TURN_RIGHT I_JUMP I_TUR,I_TURN_RIGHT I_TURN_RIGHT I_TURN_RIGHT I_TURN_RIGHT I_TURN_RIGHT I_TURN_RIGHT I_TURN_RIGHT I_TURN_RIGHT I,WRONG ACTION,addprim_jump
jump around right and run twice,I_TURN_RIGHT I_JUMP I_TURN_RIGHT I_JUMP I_TURN_RIGHT I_JUMP I_TURN_RIGHT I_JUMP I_RUN I_RUN,I_TURN_RIGHT I_JUMP I_TURN_RIGHT I_JUMP I_TURN_RIGHT I_JUMP I_TURN_RIGHT I_JUMP I_RUN I_RUN I,REPETITION,addprim_jump
jump and look around right,I_JUMP I_TURN_RIGHT I_LOOK I_TURN_RIGHT I_LOOK I_TURN_RIGHT I_LOOK I_TURN_RIGHT I_LOOK,I_JUMP I_TURN_RIGHT I_LOOK I_TURN_RIGHT I_LOOK I_TURN_RIGHT I_LOOK I_TURN_RIGHT I_LOOK I_TURN_,REPETITION,addprim_jump
turn opposite right thrice and jump around right twice,I_TURN_RIGHT I_TURN_RIGHT I_TURN_RIGHT I_TURN_RIGHT I_TURN_RIGHT I_TURN_RIGHT I_TURN_RIGHT I_JUMP I_TUR,I_TURN_RIGHT I_TURN_RIGHT I_TURN_RIGHT I_TURN_RIGHT I_TURN_RIGHT I_TURN_RIGHT I_TURN_RIGHT I_TURN_RIGHT I,WRONG ACTION,addprim_jump
jump and turn opposite left thrice,I_JUMP I_TURN_LEFT I_TURN_LEFT I_TURN_LEFT I_TURN_LEFT I_TURN_LEFT I_TURN_LEFT,I_JUMP I_TURN_LEFT I_TURN_LEFT I_TURN_LEFT I_TURN_LEFT I_TURN_LEFT I_TURN_LEFT I_TUR,REPETITION,addprim_jump
jump around right and jump twice,I_TURN_RIGHT I_JUMP I_TURN_RIGHT I_JUMP I_TURN_RIGHT I_JUMP I_TURN_RIGHT I_JUMP I_JUMP I_JUMP,I_TURN_RIGHT I_JUMP I_TURN_RIGHT I_JUMP I_TURN_RIGHT I_JUMP I_TURN_RIGHT I_JUMP I_JUMP I_JUMP I,REPETITION,addprim_jump
turn opposite left twice and jump opposite left twice,I_TURN_LEFT I_TURN_LEFT I_TURN_LEFT I_TURN_LEFT I_TURN_LEFT I_TURN_LEFT I_JUMP I_TUR,I_TURN_LEFT I_TURN_LEFT I_TURN_LEFT I_TURN_LEFT I_TURN_LEFT I_TURN_LEFT I_TURN_LEFT,INCOMPLETE,addprim_jump
jump right thrice after turn opposite right thrice,I_TURN_RIGHT I_TURN_RIGHT I_TURN_RIGHT I_TURN_RIGHT I_TURN_RIGHT I_TURN_RIGHT I_TURN_RIGHT I_JUMP I_TUR,I_TURN_RIGHT I_TURN_RIGHT I_TURN_RIGHT I_TURN_RIGHT I_TURN_RIGHT I_TURN_RIGHT I_TURN_RIGHT I_TURN_RIGHT I,WRONG ACTION,addprim_jump
turn opposite right thrice and jump around right thrice,I_TURN_RIGHT I_TURN_RIGHT I_TURN_RIGHT I_TURN_RIGHT I_TURN_RIGHT I_TURN_RIGHT I_TURN_RIGHT I_JUMP I_TUR,I_TURN_RIGHT I_TURN_RIGHT I_TURN_RIGHT I_TURN_RIGHT I_TURN_RIGHT I_TURN_RIGHT I_TURN_RIGHT I_TURN_RIGHT I,WRONG ACTION,addprim_jump
jump and walk around right,I_JUMP I_TURN_RIGHT I_WALK I_TURN_RIGHT I_WALK I_TURN_RIGHT I_WALK I_TURN_RIGHT I_WALK,I_JUMP I_TURN_RIGHT I_WALK I_TURN_RIGHT I_WALK I_TURN_RIGHT I_WALK I_TURN_RIGHT I_WALK I_TURN_,REPETITION,addprim_jump
turn opposite right thrice and jump around right,I_TURN_RIGHT I_TURN_RIGHT I_TURN_RIGHT I_TURN_RIGHT I_TURN_RIGHT I_TURN_RIGHT I_TURN_RIGHT I_JUMP I_TUR,I_TURN_RIGHT I_TURN_RIGHT I_TURN_RIGHT I_TURN_RIGHT I_TURN_RIGHT I_TURN_RIGHT I_TURN_RIGHT I_TURN_RIGHT I,WRONG ACTION,addprim_jump
jump around right after turn left,I_TURN_LEFT I_TURN_RIGHT I_JUMP I_TURN_RIGHT I_JUMP I_TURN_RIGHT I_JUMP I_TURN_RIGHT I_JUMP,I_TURN_LEFT I_TURN_RIGHT I_JUMP I_TURN_RIGHT I_JUMP I_TURN_RIGHT I_JUMP I_TURN_RIGHT I_JUMP I_,REPETITION,addprim_jump
jump opposite left and turn around right,I_TURN_LEFT I_TURN_LEFT I_JUMP I_TURN_RIGHT I_TURN_RIGHT I_TURN_RIGHT I_TURN_RIGHT,I_TURN_LEFT I_TURN_LEFT I_JUMP I_TURN_RIGHT I_TURN_RIGHT I_TURN_RIGHT I_TURN_RIGHT I_TURN_RIGHT,REPETITION,addprim_jump
run around right and jump twice,I_TURN_RIGHT I_RUN I_TURN_RIGHT I_RUN I_TURN_RIGHT I_RUN I_TURN_RIGHT I_RUN I_JUMP I_JUMP,I_TURN_RIGHT I_RUN I_TURN_RIGHT I_RUN I_TURN_RIGHT I_RUN I_TURN_RIGHT I_RUN I_JUMP I_JUMP I,REPETITION,addprim_jump
jump around right and walk twice,I_TURN_RIGHT I_JUMP I_TURN_RIGHT I_JUMP I_TURN_RIGHT I_JUMP I_TURN_RIGHT I_JUMP I_WALK I_WALK,I_TURN_RIGHT I_JUMP I_TURN_RIGHT I_JUMP I_TURN_RIGHT I_JUMP I_TURN_RIGHT I_JUMP I_WALK I_WALK I,REPETITION,addprim_jump
turn opposite right thrice and jump around right,I_TURN_RIGHT I_TURN_RIGHT I_TURN_RIGHT I_TURN_RIGHT I_TURN_RIGHT I_TURN_RIGHT I_TURN_RIGHT I_JUMP I_TUR,I_TURN_RIGHT I_TURN_RIGHT I_TURN_RIGHT I_TURN_RIGHT I_TURN_RIGHT I_TURN_RIGHT I_TURN_RIGHT I_TURN_RIGHT I,WRONG ACTION,filler_split
jump around right twice after turn opposite right thrice,I_TURN_RIGHT I_TURN_RIGHT I_TURN_RIGHT I_TURN_RIGHT I_TURN_RIGHT I_TURN_RIGHT I_TURN_RIGHT I_JUMP I_TUR,I_TURN_RIGHT I_TURN_RIGHT I_TURN_RIGHT I_TURN_RIGHT I_TURN_RIGHT I_TURN_RIGHT I_TURN_RIGHT I_TURN_RIGHT I,WRONG ACTION,filler_split
turn opposite right thrice and jump around right twice,I_TURN_RIGHT I_TURN_RIGHT I_TURN_RIGHT I_TURN_RIGHT I_TURN_RIGHT I_TURN_RIGHT I_TURN_RIGHT I_JUMP I_TUR,I_TURN_RIGHT I_TURN_RIGHT I_TURN_RIGHT I_TURN_RIGHT I_TURN_RIGHT I_TURN_RIGHT I_TURN_RIGHT I_TURN_RIGHT I,WRONG ACTION,filler_split
turn left and jump around right,I_TURN_LEFT I_TURN_RIGHT I_JUMP I_TURN_RIGHT I_JUMP I_TURN_RIGHT I_JUMP I_TURN_RIGHT I_JUMP,I_TURN_LEFT I_TURN_RIGHT I_JUMP I_TURN_RIGHT I_JUMP I_TURN_RIGHT I_JUMP I_TURN_RIGHT I_JUMP I_,REPETITION,filler_split
jump twice after jump around right,I_TURN_RIGHT I_JUMP I_TURN_RIGHT I_JUMP I_TURN_RIGHT I_JUMP I_TURN_RIGHT I_JUMP I_JUMP I_JUMP,I_TURN_RIGHT I_JUMP I_TURN_RIGHT I_JUMP I_TURN_RIGHT I_JUMP I_TURN_RIGHT I_JUMP I_JUMP I_JUMP I,REPETITION,filler_split
jump and jump around right,I_JUMP I_TURN_RIGHT I_JUMP I_TURN_RIGHT I_JUMP I_TURN_RIGHT I_JUMP I_TURN_RIGHT I_JUMP,I_JUMP I_TURN_RIGHT I_JUMP I_TURN_RIGHT I_JUMP I_TURN_RIGHT I_JUMP I_TURN_RIGHT I_JUMP I_TURN_,REPETITION,filler_split
run and jump around right,I_RUN I_TURN_RIGHT I_JUMP I_TURN_RIGHT I_JUMP I_TURN_RIGHT I_JUMP I_TURN_RIGHT I_JUMP,I_RUN I_TURN_RIGHT I_JUMP I_TURN_RIGHT I_JUMP I_TURN_RIGHT I_JUMP I_TURN_RIGHT I_JUMP I_TURN_,REPETITION,filler_split
jump around right thrice after turn opposite right thrice,I_TURN_RIGHT I_TURN_RIGHT I_TURN_RIGHT I_TURN_RIGHT I_TURN_RIGHT I_TURN_RIGHT I_TURN_RIGHT I_JUMP I_TUR,I_TURN_RIGHT I_TURN_RIGHT I_TURN_RIGHT I_TURN_RIGHT I_TURN_RIGHT I_TURN_RIGHT I_TURN_RIGHT I_TURN_RIGHT I,WRONG ACTION,filler_split
jump around right after turn opposite right thrice,I_TURN_RIGHT I_TURN_RIGHT I_TURN_RIGHT I_TURN_RIGHT I_TURN_RIGHT I_TURN_RIGHT I_TURN_RIGHT I_JUMP I_TUR,I_TURN_RIGHT I_TURN_RIGHT I_TURN_RIGHT I_TURN_RIGHT I_TURN_RIGHT I_TURN_RIGHT I_TURN_RIGHT I_TURN_RIGHT I,WRONG ACTION,filler_split
jump around right and walk twice,I_TURN_RIGHT I_JUMP I_TURN_RIGHT I_JUMP I_TURN_RIGHT I_JUMP I_TURN_RIGHT I_JUMP I_WALK I_WALK,I_TURN_RIGHT I_JUMP I_TURN_RIGHT I_JUMP I_TURN_RIGHT I_JUMP I_TURN_RIGHT I_JUMP I_WALK I_WALK I,REPETITION,filler_split
turn opposite right thrice and jump around right thrice,I_TURN_RIGHT I_TURN_RIGHT I_TURN_RIGHT I_TURN_RIGHT I_TURN_RIGHT I_TURN_RIGHT I_TURN_RIGHT I_JUMP I_TUR,I_TURN_RIGHT I_TURN_RIGHT I_TURN_RIGHT I_TURN_RIGHT I_TURN_RIGHT I_TURN_RIGHT I_TURN_RIGHT I_TURN_RIGHT I,WRONG ACTION,filler_split
jump around right and look twice,I_TURN_RIGHT I_JUMP I_TURN_RIGHT I_JUMP I_TURN_RIGHT I_JUMP I_TURN_RIGHT I_JUMP I_LOOK I_LOOK,I_TURN_RIGHT I_JUMP I_TURN_RIGHT I_JUMP I_TURN_RIGHT I_JUMP I_TURN_RIGHT I_JUMP I_LOOK I_LOOK I,REPETITION,filler_split
jump around right and jump twice,I_TURN_RIGHT I_JUMP I_TURN_RIGHT I_JUMP I_TURN_RIGHT I_JUMP I_TURN_RIGHT I_JUMP I_JUMP I_JUMP,I_TURN_RIGHT I_JUMP I_TURN_RIGHT I_JUMP I_TURN_RIGHT I_JUMP I_TURN_RIGHT I_JUMP I_JUMP I_JUMP I,REPETITION,filler_split
run twice after jump around right,I_TURN_RIGHT I_JUMP I_TURN_RIGHT I_JUMP I_TURN_RIGHT I_JUMP I_TURN_RIGHT I_JUMP I_RUN I_RUN,I_TURN_RIGHT I_JUMP I_TURN_RIGHT I_JUMP I_TURN_RIGHT I_JUMP I_TURN_RIGHT I_JUMP I_RUN I_RUN I,REPETITION,filler_split
jump around right and run twice,I_TURN_RIGHT I_JUMP I_TURN_RIGHT I_JUMP I_TURN_RIGHT I_JUMP I_TURN_RIGHT I_JUMP I_RUN I_RUN,I_TURN_RIGHT I_JUMP I_TURN_RIGHT I_JUMP I_TURN_RIGHT I_JUMP I_TURN_RIGHT I_JUMP I_RUN I_RUN I,REPETITION,filler_split
jump around right after turn left,I_TURN_LEFT I_TURN_RIGHT I_JUMP I_TURN_RIGHT I_JUMP I_TURN_RIGHT I_JUMP I_TURN_RIGHT I_JUMP,I_TURN_LEFT I_TURN_RIGHT I_JUMP I_TURN_RIGHT I_JUMP I_TURN_RIGHT I_JUMP I_TURN_RIGHT I_JUMP I_,REPETITION,filler_split
jump around right after jump,I_JUMP I_TURN_RIGHT I_JUMP I_TURN_RIGHT I_JUMP I_TURN_RIGHT I_JUMP I_TURN_RIGHT I_JUMP,I_JUMP I_TURN_RIGHT I_JUMP I_TURN_RIGHT I_JUMP I_TURN_RIGHT I_JUMP I_TURN_RIGHT I_JUMP I_TURN_,REPETITION,filler_split
jump around right and turn right,I_TURN_RIGHT I_JUMP I_TURN_RIGHT I_JUMP I_TURN_RIGHT I_JUMP I_TURN_RIGHT I_JUMP I_TURN_RIGHT,I_TURN_RIGHT I_JUMP I_TURN_RIGHT I_JUMP I_TURN_RIGHT I_JUMP I_TURN_RIGHT I_JUMP I_TURN_RIGHT I_TUR,REPETITION,filler_split
walk twice after jump around right,I_TURN_RIGHT I_JUMP I_TURN_RIGHT I_JUMP I_TURN_RIGHT I_JUMP I_TURN_RIGHT I_JUMP I_WALK I_WALK,I_TURN_RIGHT I_JUMP I_TURN_RIGHT I_JUMP I_TURN_RIGHT I_JUMP I_TURN_RIGHT I_JUMP I_WALK I_WALK I,REPETITION,filler_split
run around left thrice after turn left twice,I_TURN_LEFT I_TURN_LEFT I_TURN_LEFT I_RUN I_TURN_LEFT I_RUN I_TURN_LEFT I_RUN I_,I_TURN_LEFT I_TURN_LEFT I_TURN_LEFT I_TURN_LEFT I_RUN I_TURN_LEFT I_RUN I_TURN_LE,INCOMPLETE,length_split
look around left thrice after turn left twice,I_TURN_LEFT I_TURN_LEFT I_TURN_LEFT I_LOOK I_TURN_LEFT I_LOOK I_TURN_LEFT I_LOOK I_,I_TURN_LEFT I_TURN_LEFT I_TURN_LEFT I_TURN_LEFT I_LOOK I_TURN_LEFT I_LOOK I_TURN_LE,INCOMPLETE,length_split
turn left thrice and look around left thrice,I_TURN_LEFT I_TURN_LEFT I_TURN_LEFT I_TURN_LEFT I_LOOK I_TURN_LEFT I_LOOK I_TURN_LE,I_TURN_LEFT I_TURN_LEFT I_TURN_LEFT I_TURN_LEFT I_TURN_LEFT I_LOOK I_TURN_LEFT I_LO,WRONG ACTION,length_split
look around left thrice after turn left thrice,I_TURN_LEFT I_TURN_LEFT I_TURN_LEFT I_TURN_LEFT I_LOOK I_TURN_LEFT I_LOOK I_TURN_LE,I_TURN_LEFT I_TURN_LEFT I_TURN_LEFT I_TURN_LEFT I_TURN_LEFT I_LOOK I_TURN_LEFT I_LO,WRONG ACTION,length_split
run around left thrice after turn left thrice,I_TURN_LEFT I_TURN_LEFT I_TURN_LEFT I_TURN_LEFT I_RUN I_TURN_LEFT I_RUN I_TURN_LE,I_TURN_LEFT I_TURN_LEFT I_TURN_LEFT I_TURN_LEFT I_TURN_LEFT I_RUN I_TURN_LEFT I_R,WRONG ACTION,length_split
turn left thrice and run around left thrice,I_TURN_LEFT I_TURN_LEFT I_TURN_LEFT I_TURN_LEFT I_RUN I_TURN_LEFT I_RUN I_TURN_LE,I_TURN_LEFT I_TURN_LEFT I_TURN_LEFT I_TURN_LEFT I_TURN_LEFT I_RUN I_TURN_LEFT I_R,WRONG ACTION,length_split
jump around right thrice after turn opposite right thrice,I_TURN_RIGHT I_TURN_RIGHT I_TURN_RIGHT I_TURN_RIGHT I_TURN_RIGHT I_TURN_RIGHT I_TURN_RIGHT I_JUMP I_TUR,I_TURN_RIGHT I_TURN_RIGHT I_TURN_RIGHT I_TURN_RIGHT I_TURN_RIGHT I_TURN_RIGHT I_TURN_RIGHT I_TURN_RIGHT I,WRONG ACTION,length_split
turn opposite right thrice and look around right thrice,I_TURN_RIGHT I_TURN_RIGHT I_TURN_RIGHT I_TURN_RIGHT I_TURN_RIGHT I_TURN_RIGHT I_TURN_RIGHT I_LOOK I_TUR,I_TURN_RIGHT I_TURN_RIGHT I_TURN_RIGHT I_TURN_RIGHT I_TURN_RIGHT I_TURN_RIGHT I_TURN_RIGHT I_TURN_RIGHT I,WRONG ACTION,length_split
look around right thrice after turn opposite right thrice,I_TURN_RIGHT I_TURN_RIGHT I_TURN_RIGHT I_TURN_RIGHT I_TURN_RIGHT I_TURN_RIGHT I_TURN_RIGHT I_LOOK I_TUR,I_TURN_RIGHT I_TURN_RIGHT I_TURN_RIGHT I_TURN_RIGHT I_TURN_RIGHT I_TURN_RIGHT I_TURN_RIGHT I_TURN_RIGHT I,WRONG ACTION,length_split
turn opposite right thrice and walk around right thrice,I_TURN_RIGHT I_TURN_RIGHT I_TURN_RIGHT I_TURN_RIGHT I_TURN_RIGHT I_TURN_RIGHT I_TURN_RIGHT I_WALK I_TUR,I_TURN_RIGHT I_TURN_RIGHT I_TURN_RIGHT I_TURN_RIGHT I_TURN_RIGHT I_TURN_RIGHT I_TURN_RIGHT I_TURN_RIGHT I,WRONG ACTION,length_split
turn opposite right thrice and run around right thrice,I_TURN_RIGHT I_TURN_RIGHT I_TURN_RIGHT I_TURN_RIGHT I_TURN_RIGHT I_TURN_RIGHT I_TURN_RIGHT I_RUN I_TUR,I_TURN_RIGHT I_TURN_RIGHT I_TURN_RIGHT I_TURN_RIGHT I_TURN_RIGHT I_TURN_RIGHT I_TURN_RIGHT I_TURN_RIGHT I,WRONG ACTION,length_split
run around right thrice after turn opposite right thrice,I_TURN_RIGHT I_TURN_RIGHT I_TURN_RIGHT I_TURN_RIGHT I_TURN_RIGHT I_TURN_RIGHT I_TURN_RIGHT I_RUN I_TUR,I_TURN_RIGHT I_TURN_RIGHT I_TURN_RIGHT I_TURN_RIGHT I_TURN_RIGHT I_TURN_RIGHT I_TURN_RIGHT I_TURN_RIGHT I,WRONG ACTION,length_split
turn opposite right thrice and jump around right thrice,I_TURN_RIGHT I_TURN_RIGHT I_TURN_RIGHT I_TURN_RIGHT I_TURN_RIGHT I_TURN_RIGHT I_TURN_RIGHT I_JUMP I_TUR,I_TURN_RIGHT I_TURN_RIGHT I_TURN_RIGHT I_TURN_RIGHT I_TURN_RIGHT I_TURN_RIGHT I_TURN_RIGHT I_TURN_RIGHT I,WRONG ACTION,length_split
turn opposite right thrice and walk around right,I_TURN_RIGHT I_TURN_RIGHT I_TURN_RIGHT I_TURN_RIGHT I_TURN_RIGHT I_TURN_RIGHT I_TURN_RIGHT I_WALK I_TUR,I_TURN_RIGHT I_TURN_RIGHT I_TURN_RIGHT I_TURN_RIGHT I_TURN_RIGHT I_TURN_RIGHT I_TURN_RIGHT I_TURN_RIGHT I,WRONG ACTION,template_split
look around right after run,I_RUN I_TURN_RIGHT I_LOOK I_TURN_RIGHT I_LOOK I_TURN_RIGHT I_LOOK I_TURN_RIGHT I_LOOK,I_RUN I_TURN_RIGHT I_LOOK I_TURN_RIGHT I_LOOK I_TURN_RIGHT I_LOOK I_TURN_RIGHT I_LOOK I_TURN_,REPETITION,template_split
look around right after turn left,I_TURN_LEFT I_TURN_RIGHT I_LOOK I_TURN_RIGHT I_LOOK I_TURN_RIGHT I_LOOK I_TURN_RIGHT I_LOOK,I_TURN_LEFT I_TURN_RIGHT I_LOOK I_TURN_RIGHT I_LOOK I_TURN_RIGHT I_LOOK I_TURN_RIGHT I_LOOK I_,REPETITION,template_split
look and run around right,I_LOOK I_TURN_RIGHT I_RUN I_TURN_RIGHT I_RUN I_TURN_RIGHT I_RUN I_TURN_RIGHT I_RUN,I_LOOK I_TURN_RIGHT I_RUN I_TURN_RIGHT I_RUN I_TURN_RIGHT I_RUN I_TURN_RIGHT I_RUN I_TURN_,REPETITION,template_split
run around right and look twice,I_TURN_RIGHT I_RUN I_TURN_RIGHT I_RUN I_TURN_RIGHT I_RUN I_TURN_RIGHT I_RUN I_LOOK I_LOOK,I_TURN_RIGHT I_RUN I_TURN_RIGHT I_RUN I_TURN_RIGHT I_RUN I_TURN_RIGHT I_RUN I_LOOK I_LOOK I,REPETITION,template_split
turn opposite right thrice and jump around right,I_TURN_RIGHT I_TURN_RIGHT I_TURN_RIGHT I_TURN_RIGHT I_TURN_RIGHT I_TURN_RIGHT I_TURN_RIGHT I_JUMP I_TUR,I_TURN_RIGHT I_TURN_RIGHT I_TURN_RIGHT I_TURN_RIGHT I_TURN_RIGHT I_TURN_RIGHT I_TURN_RIGHT I_TURN_RIGHT I,WRONG ACTION,template_split
jump around right twice after turn opposite right thrice,I_TURN_RIGHT I_TURN_RIGHT I_TURN_RIGHT I_TURN_RIGHT I_TURN_RIGHT I_TURN_RIGHT I_TURN_RIGHT I_JUMP I_TUR,I_TURN_RIGHT I_TURN_RIGHT I_TURN_RIGHT I_TURN_RIGHT I_TURN_RIGHT I_TURN_RIGHT I_TURN_RIGHT I_TURN_RIGHT I,WRONG ACTION,template_split
run around right twice after turn opposite right thrice,I_TURN_RIGHT I_TURN_RIGHT I_TURN_RIGHT I_TURN_RIGHT I_TURN_RIGHT I_TURN_RIGHT I_TURN_RIGHT I_RUN I_TUR,I_TURN_RIGHT I_TURN_RIGHT I_TURN_RIGHT I_TURN_RIGHT I_TURN_RIGHT I_TURN_RIGHT I_TURN_RIGHT I_TURN_RIGHT I,WRONG ACTION,template_split
walk and look around right,I_WALK I_TURN_RIGHT I_LOOK I_TURN_RIGHT I_LOOK I_TURN_RIGHT I_LOOK I_TURN_RIGHT I_LOOK,I_WALK I_TURN_RIGHT I_LOOK I_TURN_RIGHT I_LOOK I_TURN_RIGHT I_LOOK I_TURN_RIGHT I_LOOK I_TURN_,REPETITION,template_split
run around right after turn right,I_TURN_RIGHT I_TURN_RIGHT I_RUN I_TURN_RIGHT I_RUN I_TURN_RIGHT I_RUN I_TURN_RIGHT I_RUN,I_TURN_RIGHT I_TURN_RIGHT I_RUN I_TURN_RIGHT I_RUN I_TURN_RIGHT I_RUN I_TURN_RIGHT I_RUN I_TUR,REPETITION,template_split
jump twice after look around right,I_TURN_RIGHT I_LOOK I_TURN_RIGHT I_LOOK I_TURN_RIGHT I_LOOK I_TURN_RIGHT I_LOOK I_JUMP I_JUMP,I_TURN_RIGHT I_LOOK I_TURN_RIGHT I_LOOK I_TURN_RIGHT I_LOOK I_TURN_RIGHT I_LOOK I_JUMP I_JUMP I,REPETITION,template_split
jump and look around right,I_JUMP I_TURN_RIGHT I_LOOK I_TURN_RIGHT I_LOOK I_TURN_RIGHT I_LOOK I_TURN_RIGHT I_LOOK,I_JUMP I_TURN_RIGHT I_LOOK I_TURN_RIGHT I_LOOK I_TURN_RIGHT I_LOOK I_TURN_RIGHT I_LOOK I_TURN_,REPETITION,template_split
turn opposite right thrice and jump around right twice,I_TURN_RIGHT I_TURN_RIGHT I_TURN_RIGHT I_TURN_RIGHT I_TURN_RIGHT I_TURN_RIGHT I_TURN_RIGHT I_JUMP I_TUR,I_TURN_RIGHT I_TURN_RIGHT I_TURN_RIGHT I_TURN_RIGHT I_TURN_RIGHT I_TURN_RIGHT I_TURN_RIGHT I_TURN_RIGHT I,WRONG ACTION,template_split
turn left and run around right,I_TURN_LEFT I_TURN_RIGHT I_RUN I_TURN_RIGHT I_RUN I_TURN_RIGHT I_RUN I_TURN_RIGHT I_RUN,I_TURN_LEFT I_TURN_RIGHT I_RUN I_TURN_RIGHT I_RUN I_TURN_RIGHT I_RUN I_TURN_RIGHT I_RUN I_,REPETITION,template_split
run twice after run around right,I_TURN_RIGHT I_RUN I_TURN_RIGHT I_RUN I_TURN_RIGHT I_RUN I_TURN_RIGHT I_RUN I_RUN I_RUN,I_TURN_RIGHT I_RUN I_TURN_RIGHT I_RUN I_TURN_RIGHT I_RUN I_TURN_RIGHT I_RUN I_RUN I_RUN I,REPETITION,template_split
look around right and look twice,I_TURN_RIGHT I_LOOK I_TURN_RIGHT I_LOOK I_TURN_RIGHT I_LOOK I_TURN_RIGHT I_LOOK I_LOOK I_LOOK,I_TURN_RIGHT I_LOOK I_TURN_RIGHT I_LOOK I_TURN_RIGHT I_LOOK I_TURN_RIGHT I_LOOK I_LOOK I_LOOK I,REPETITION,template_split
look around right thrice after turn opposite right thrice,I_TURN_RIGHT I_TURN_RIGHT I_TURN_RIGHT I_TURN_RIGHT I_TURN_RIGHT I_TURN_RIGHT I_TURN_RIGHT I_LOOK I_TUR,I_TURN_RIGHT I_TURN_RIGHT I_TURN_RIGHT I_TURN_RIGHT I_TURN_RIGHT I_TURN_RIGHT I_TURN_RIGHT I_TURN_RIGHT I,WRONG ACTION,template_split
walk around right and jump twice,I_TURN_RIGHT I_WALK I_TURN_RIGHT I_WALK I_TURN_RIGHT I_WALK I_TURN_RIGHT I_WALK I_JUMP I_JUMP,I_TURN_RIGHT I_WALK I_TURN_RIGHT I_WALK I_TURN_RIGHT I_WALK I_TURN_RIGHT I_WALK I_JUMP I_JUMP I,REPETITION,template_split
run around right after run,I_RUN I_TURN_RIGHT I_RUN I_TURN_RIGHT I_RUN I_TURN_RIGHT I_RUN I_TURN_RIGHT I_RUN,I_RUN I_TURN_RIGHT I_RUN I_TURN_RIGHT I_RUN I_TURN_RIGHT I_RUN I_TURN_RIGHT I_RUN I_TURN_,REPETITION,template_split
turn left and walk around right,I_TURN_LEFT I_TURN_RIGHT I_WALK I_TURN_RIGHT I_WALK I_TURN_RIGHT I_WALK I_TURN_RIGHT I_WALK,I_TURN_LEFT I_TURN_RIGHT I_WALK I_TURN_RIGHT I_WALK I_TURN_RIGHT I_WALK I_TURN_RIGHT I_WALK I_,REPETITION,template_split
run around right and walk twice,I_TURN_RIGHT I_RUN I_TURN_RIGHT I_RUN I_TURN_RIGHT I_RUN I_TURN_RIGHT I_RUN I_WALK I_WALK,I_TURN_RIGHT I_RUN I_TURN_RIGHT I_RUN I_TURN_RIGHT I_RUN I_TURN_RIGHT I_RUN I_WALK I_WALK I,REPETITION,template_split
turn right and walk around right,I_TURN_RIGHT I_TURN_RIGHT I_WALK I_TURN_RIGHT I_WALK I_TURN_RIGHT I_WALK I_TURN_RIGHT I_WALK,I_TURN_RIGHT I_TURN_RIGHT I_WALK I_TURN_RIGHT I_WALK I_TURN_RIGHT I_WALK I_TURN_RIGHT I_WALK I_TUR,REPETITION,template_split
run twice after look around right,I_TURN_RIGHT I_LOOK I_TURN_RIGHT I_LOOK I_TURN_RIGHT I_LOOK I_TURN_RIGHT I_LOOK I_RUN I_RUN,I_TURN_RIGHT I_LOOK I_TURN_RIGHT I_LOOK I_TURN_RIGHT I_LOOK I_TURN_RIGHT I_LOOK I_RUN I_RUN I,REPETITION,template_split
turn left and jump around right,I_TURN_LEFT I_TURN_RIGHT I_JUMP I_TURN_RIGHT I_JUMP I_TURN_RIGHT I_JUMP I_TURN_RIGHT I_JUMP,I_TURN_LEFT I_TURN_RIGHT I_JUMP I_TURN_RIGHT I_JUMP I_TURN_RIGHT I_JUMP I_TURN_RIGHT I_JUMP I_,REPETITION,template_split
jump twice after jump around right,I_TURN_RIGHT I_JUMP I_TURN_RIGHT I_JUMP I_TURN_RIGHT I_JUMP I_TURN_RIGHT I_JUMP I_JUMP I_JUMP,I_TURN_RIGHT I_JUMP I_TURN_RIGHT I_JUMP I_TURN_RIGHT I_JUMP I_TURN_RIGHT I_JUMP I_JUMP I_JUMP I,REPETITION,template_split
walk twice after look around right,I_TURN_RIGHT I_LOOK I_TURN_RIGHT I_LOOK I_TURN_RIGHT I_LOOK I_TURN_RIGHT I_LOOK I_WALK I_WALK,I_TURN_RIGHT I_LOOK I_TURN_RIGHT I_LOOK I_TURN_RIGHT I_LOOK I_TURN_RIGHT I_LOOK I_WALK I_WALK I,REPETITION,template_split
turn right and look around right,I_TURN_RIGHT I_TURN_RIGHT I_LOOK I_TURN_RIGHT I_LOOK I_TURN_RIGHT I_LOOK I_TURN_RIGHT I_LOOK,I_TURN_RIGHT I_TURN_RIGHT I_LOOK I_TURN_RIGHT I_LOOK I_TURN_RIGHT I_LOOK I_TURN_RIGHT I_LOOK I_TUR,REPETITION,template_split
look around right after walk,I_WALK I_TURN_RIGHT I_LOOK I_TURN_RIGHT I_LOOK I_TURN_RIGHT I_LOOK I_TURN_RIGHT I_LOOK,I_WALK I_TURN_RIGHT I_LOOK I_TURN_RIGHT I_LOOK I_TURN_RIGHT I_LOOK I_TURN_RIGHT I_LOOK I_TURN_,REPETITION,template_split
look and look around right,I_LOOK I_TURN_RIGHT I_LOOK I_TURN_RIGHT I_LOOK I_TURN_RIGHT I_LOOK I_TURN_RIGHT I_LOOK,I_LOOK I_TURN_RIGHT I_LOOK I_TURN_RIGHT I_LOOK I_TURN_RIGHT I_LOOK I_TURN_RIGHT I_LOOK I_TURN_,REPETITION,template_split
look around right after jump,I_JUMP I_TURN_RIGHT I_LOOK I_TURN_RIGHT I_LOOK I_TURN_RIGHT I_LOOK I_TURN_RIGHT I_LOOK,I_JUMP I_TURN_RIGHT I_LOOK I_TURN_RIGHT I_LOOK I_TURN_RIGHT I_LOOK I_TURN_RIGHT I_LOOK I_TURN_,REPETITION,template_split
turn opposite right thrice and walk around right thrice,I_TURN_RIGHT I_TURN_RIGHT I_TURN_RIGHT I_TURN_RIGHT I_TURN_RIGHT I_TURN_RIGHT I_TURN_RIGHT I_WALK I_TUR,I_TURN_RIGHT I_TURN_RIGHT I_TURN_RIGHT I_TURN_RIGHT I_TURN_RIGHT I_TURN_RIGHT I_TURN_RIGHT I_TURN_RIGHT I,WRONG ACTION,template_split
walk around right and turn right,I_TURN_RIGHT I_WALK I_TURN_RIGHT I_WALK I_TURN_RIGHT I_WALK I_TURN_RIGHT I_WALK I_TURN_RIGHT,I_TURN_RIGHT I_WALK I_TURN_RIGHT I_WALK I_TURN_RIGHT I_WALK I_TURN_RIGHT I_WALK I_TURN_RIGHT I_TUR,REPETITION,template_split
turn opposite right thrice and look around right,I_TURN_RIGHT I_TURN_RIGHT I_TURN_RIGHT I_TURN_RIGHT I_TURN_RIGHT I_TURN_RIGHT I_TURN_RIGHT I_LOOK I_TUR,I_TURN_RIGHT I_TURN_RIGHT I_TURN_RIGHT I_TURN_RIGHT I_TURN_RIGHT I_TURN_RIGHT I_TURN_RIGHT I_TURN_RIGHT I,WRONG ACTION,template_split
jump and jump around right,I_JUMP I_TURN_RIGHT I_JUMP I_TURN_RIGHT I_JUMP I_TURN_RIGHT I_JUMP I_TURN_RIGHT I_JUMP,I_JUMP I_TURN_RIGHT I_JUMP I_TURN_RIGHT I_JUMP I_TURN_RIGHT I_JUMP I_TURN_RIGHT I_JUMP I_TURN_,REPETITION,template_split
run around right and run twice,I_TURN_RIGHT I_RUN I_TURN_RIGHT I_RUN I_TURN_RIGHT I_RUN I_TURN_RIGHT I_RUN I_RUN I_RUN,I_TURN_RIGHT I_RUN I_TURN_RIGHT I_RUN I_TURN_RIGHT I_RUN I_TURN_RIGHT I_RUN I_RUN I_RUN I,REPETITION,template_split
look around right and run twice,I_TURN_RIGHT I_LOOK I_TURN_RIGHT I_LOOK I_TURN_RIGHT I_LOOK I_TURN_RIGHT I_LOOK I_RUN I_RUN,I_TURN_RIGHT I_LOOK I_TURN_RIGHT I_LOOK I_TURN_RIGHT I_LOOK I_TURN_RIGHT I_LOOK I_RUN I_RUN I,REPETITION,template_split
run and jump around right,I_RUN I_TURN_RIGHT I_JUMP I_TURN_RIGHT I_JUMP I_TURN_RIGHT I_JUMP I_TURN_RIGHT I_JUMP,I_RUN I_TURN_RIGHT I_JUMP I_TURN_RIGHT I_JUMP I_TURN_RIGHT I_JUMP I_TURN_RIGHT I_JUMP I_TURN_,REPETITION,template_split
run around right after turn left,I_TURN_LEFT I_TURN_RIGHT I_RUN I_TURN_RIGHT I_RUN I_TURN_RIGHT I_RUN I_TURN_RIGHT I_RUN,I_TURN_LEFT I_TURN_RIGHT I_RUN I_TURN_RIGHT I_RUN I_TURN_RIGHT I_RUN I_TURN_RIGHT I_RUN I_,REPETITION,template_split
run and look around right,I_RUN I_TURN_RIGHT I_LOOK I_TURN_RIGHT I_LOOK I_TURN_RIGHT I_LOOK I_TURN_RIGHT I_LOOK,I_RUN I_TURN_RIGHT I_LOOK I_TURN_RIGHT I_LOOK I_TURN_RIGHT I_LOOK I_TURN_RIGHT I_LOOK I_TURN_,REPETITION,template_split
jump and walk around right,I_JUMP I_TURN_RIGHT I_WALK I_TURN_RIGHT I_WALK I_TURN_RIGHT I_WALK I_TURN_RIGHT I_WALK,I_JUMP I_TURN_RIGHT I_WALK I_TURN_RIGHT I_WALK I_TURN_RIGHT I_WALK I_TURN_RIGHT I_WALK I_TURN_,REPETITION,template_split
jump and run around right,I_JUMP I_TURN_RIGHT I_RUN I_TURN_RIGHT I_RUN I_TURN_RIGHT I_RUN I_TURN_RIGHT I_RUN,I_JUMP I_TURN_RIGHT I_RUN I_TURN_RIGHT I_RUN I_TURN_RIGHT I_RUN I_TURN_RIGHT I_RUN I_TURN_,REPETITION,template_split
jump around right thrice after turn opposite right thrice,I_TURN_RIGHT I_TURN_RIGHT I_TURN_RIGHT I_TURN_RIGHT I_TURN_RIGHT I_TURN_RIGHT I_TURN_RIGHT I_JUMP I_TUR,I_TURN_RIGHT I_TURN_RIGHT I_TURN_RIGHT I_TURN_RIGHT I_TURN_RIGHT I_TURN_RIGHT I_TURN_RIGHT I_TURN_RIGHT I,WRONG ACTION,template_split
run around right and jump twice,I_TURN_RIGHT I_RUN I_TURN_RIGHT I_RUN I_TURN_RIGHT I_RUN I_TURN_RIGHT I_RUN I_JUMP I_JUMP,I_TURN_RIGHT I_RUN I_TURN_RIGHT I_RUN I_TURN_RIGHT I_RUN I_TURN_RIGHT I_RUN I_JUMP I_JUMP I,REPETITION,template_split
run twice after walk around right,I_TURN_RIGHT I_WALK I_TURN_RIGHT I_WALK I_TURN_RIGHT I_WALK I_TURN_RIGHT I_WALK I_RUN I_RUN,I_TURN_RIGHT I_WALK I_TURN_RIGHT I_WALK I_TURN_RIGHT I_WALK I_TURN_RIGHT I_WALK I_RUN I_RUN I,REPETITION,template_split
look around right after look,I_LOOK I_TURN_RIGHT I_LOOK I_TURN_RIGHT I_LOOK I_TURN_RIGHT I_LOOK I_TURN_RIGHT I_LOOK,I_LOOK I_TURN_RIGHT I_LOOK I_TURN_RIGHT I_LOOK I_TURN_RIGHT I_LOOK I_TURN_RIGHT I_LOOK I_TURN_,REPETITION,template_split
walk around right,I_TURN_RIGHT I_WALK I_TURN_RIGHT I_WALK I_TURN_RIGHT I_WALK I_TURN_RIGHT I_WALK,I_TURN_RIGHT I_WALK I_TURN_RIGHT I_WALK I_TURN_RIGHT I_WALK I_TURN_RIGHT I_WALK I_TURN_RIGHT I_WA,REPETITION,template_split
walk around right after turn left,I_TURN_LEFT I_TURN_RIGHT I_WALK I_TURN_RIGHT I_WALK I_TURN_RIGHT I_WALK I_TURN_RIGHT I_WALK,I_TURN_LEFT I_TURN_RIGHT I_WALK I_TURN_RIGHT I_WALK I_TURN_RIGHT I_WALK I_TURN_RIGHT I_WALK I_,REPETITION,template_split
jump around right after turn opposite right thrice,I_TURN_RIGHT I_TURN_RIGHT I_TURN_RIGHT I_TURN_RIGHT I_TURN_RIGHT I_TURN_RIGHT I_TURN_RIGHT I_JUMP I_TUR,I_TURN_RIGHT I_TURN_RIGHT I_TURN_RIGHT I_TURN_RIGHT I_TURN_RIGHT I_TURN_RIGHT I_TURN_RIGHT I_TURN_RIGHT I,WRONG ACTION,template_split
walk around right and look twice,I_TURN_RIGHT I_WALK I_TURN_RIGHT I_WALK I_TURN_RIGHT I_WALK I_TURN_RIGHT I_WALK I_LOOK I_LOOK,I_TURN_RIGHT I_WALK I_TURN_RIGHT I_WALK I_TURN_RIGHT I_WALK I_TURN_RIGHT I_WALK I_LOOK I_LOOK I,REPETITION,template_split
run around right after jump,I_JUMP I_TURN_RIGHT I_RUN I_TURN_RIGHT I_RUN I_TURN_RIGHT I_RUN I_TURN_RIGHT I_RUN,I_JUMP I_TURN_RIGHT I_RUN I_TURN_RIGHT I_RUN I_TURN_RIGHT I_RUN I_TURN_RIGHT I_RUN I_TURN_,REPETITION,template_split
turn opposite right thrice and run around right thrice,I_TURN_RIGHT I_TURN_RIGHT I_TURN_RIGHT I_TURN_RIGHT I_TURN_RIGHT I_TURN_RIGHT I_TURN_RIGHT I_RUN I_TUR,I_TURN_RIGHT I_TURN_RIGHT I_TURN_RIGHT I_TURN_RIGHT I_TURN_RIGHT I_TURN_RIGHT I_TURN_RIGHT I_TURN_RIGHT I,WRONG ACTION,template_split
walk around right and run twice,I_TURN_RIGHT I_WALK I_TURN_RIGHT I_WALK I_TURN_RIGHT I_WALK I_TURN_RIGHT I_WALK I_RUN I_RUN,I_TURN_RIGHT I_WALK I_TURN_RIGHT I_WALK I_TURN_RIGHT I_WALK I_TURN_RIGHT I_WALK I_RUN I_RUN I,REPETITION,template_split
jump around right and walk twice,I_TURN_RIGHT I_JUMP I_TURN_RIGHT I_JUMP I_TURN_RIGHT I_JUMP I_TURN_RIGHT I_JUMP I_WALK I_WALK,I_TURN_RIGHT I_JUMP I_TURN_RIGHT I_JUMP I_TURN_RIGHT I_JUMP I_TURN_RIGHT I_JUMP I_WALK I_WALK I,REPETITION,template_split
turn opposite right thrice and look around right thrice,I_TURN_RIGHT I_TURN_RIGHT I_TURN_RIGHT I_TURN_RIGHT I_TURN_RIGHT I_TURN_RIGHT I_TURN_RIGHT I_LOOK I_TUR,I_TURN_RIGHT I_TURN_RIGHT I_TURN_RIGHT I_TURN_RIGHT I_TURN_RIGHT I_TURN_RIGHT I_TURN_RIGHT I_TURN_RIGHT I,WRONG ACTION,template_split
look around right twice after turn opposite right thrice,I_TURN_RIGHT I_TURN_RIGHT I_TURN_RIGHT I_TURN_RIGHT I_TURN_RIGHT I_TURN_RIGHT I_TURN_RIGHT I_LOOK I_TUR,I_TURN_RIGHT I_TURN_RIGHT I_TURN_RIGHT I_TURN_RIGHT I_TURN_RIGHT I_TURN_RIGHT I_TURN_RIGHT I_TURN_RIGHT I,WRONG ACTION,template_split
turn opposite right thrice and jump around right thrice,I_TURN_RIGHT I_TURN_RIGHT I_TURN_RIGHT I_TURN_RIGHT I_TURN_RIGHT I_TURN_RIGHT I_TURN_RIGHT I_JUMP I_TUR,I_TURN_RIGHT I_TURN_RIGHT I_TURN_RIGHT I_TURN_RIGHT I_TURN_RIGHT I_TURN_RIGHT I_TURN_RIGHT I_TURN_RIGHT I,WRONG ACTION,template_split
walk around right and walk twice,I_TURN_RIGHT I_WALK I_TURN_RIGHT I_WALK I_TURN_RIGHT I_WALK I_TURN_RIGHT I_WALK I_WALK I_WALK,I_TURN_RIGHT I_WALK I_TURN_RIGHT I_WALK I_TURN_RIGHT I_WALK I_TURN_RIGHT I_WALK I_WALK I_WALK I,REPETITION,template_split
look around right and turn right,I_TURN_RIGHT I_LOOK I_TURN_RIGHT I_LOOK I_TURN_RIGHT I_LOOK I_TURN_RIGHT I_LOOK I_TURN_RIGHT,I_TURN_RIGHT I_LOOK I_TURN_RIGHT I_LOOK I_TURN_RIGHT I_LOOK I_TURN_RIGHT I_LOOK I_TURN_RIGHT I_TUR,REPETITION,template_split
turn opposite right thrice and walk around right twice,I_TURN_RIGHT I_TURN_RIGHT I_TURN_RIGHT I_TURN_RIGHT I_TURN_RIGHT I_TURN_RIGHT I_TURN_RIGHT I_WALK I_TUR,I_TURN_RIGHT I_TURN_RIGHT I_TURN_RIGHT I_TURN_RIGHT I_TURN_RIGHT I_TURN_RIGHT I_TURN_RIGHT I_TURN_RIGHT I,WRONG ACTION,template_split
walk twice after walk around right,I_TURN_RIGHT I_WALK I_TURN_RIGHT I_WALK I_TURN_RIGHT I_WALK I_TURN_RIGHT I_WALK I_WALK I_WALK,I_TURN_RIGHT I_WALK I_TURN_RIGHT I_WALK I_TURN_RIGHT I_WALK I_TURN_RIGHT I_WALK I_WALK I_WALK I,REPETITION,template_split
look around right,I_TURN_RIGHT I_LOOK I_TURN_RIGHT I_LOOK I_TURN_RIGHT I_LOOK I_TURN_RIGHT I_LOOK,I_TURN_RIGHT I_LOOK I_TURN_RIGHT I_LOOK I_TURN_RIGHT I_LOOK I_TURN_RIGHT I_LOOK I_TURN_RIGHT I_LO,REPETITION,template_split
jump twice after run around right,I_TURN_RIGHT I_RUN I_TURN_RIGHT I_RUN I_TURN_RIGHT I_RUN I_TURN_RIGHT I_RUN I_JUMP I_JUMP,I_TURN_RIGHT I_RUN I_TURN_RIGHT I_RUN I_TURN_RIGHT I_RUN I_TURN_RIGHT I_RUN I_JUMP I_JUMP I,REPETITION,template_split
jump around right and look twice,I_TURN_RIGHT I_JUMP I_TURN_RIGHT I_JUMP I_TURN_RIGHT I_JUMP I_TURN_RIGHT I_JUMP I_LOOK I_LOOK,I_TURN_RIGHT I_JUMP I_TURN_RIGHT I_JUMP I_TURN_RIGHT I_JUMP I_TURN_RIGHT I_JUMP I_LOOK I_LOOK I,REPETITION,template_split
run around right,I_TURN_RIGHT I_RUN I_TURN_RIGHT I_RUN I_TURN_RIGHT I_RUN I_TURN_RIGHT I_RUN,I_TURN_RIGHT I_RUN I_TURN_RIGHT I_RUN I_TURN_RIGHT I_RUN I_TURN_RIGHT I_RUN I_TURN_RIGHT I_R,REPETITION,template_split
look around right after turn opposite right thrice,I_TURN_RIGHT I_TURN_RIGHT I_TURN_RIGHT I_TURN_RIGHT I_TURN_RIGHT I_TURN_RIGHT I_TURN_RIGHT I_LOOK I_TUR,I_TURN_RIGHT I_TURN_RIGHT I_TURN_RIGHT I_TURN_RIGHT I_TURN_RIGHT I_TURN_RIGHT I_TURN_RIGHT I_TURN_RIGHT I,WRONG ACTION,template_split
walk twice after run around right,I_TURN_RIGHT I_RUN I_TURN_RIGHT I_RUN I_TURN_RIGHT I_RUN I_TURN_RIGHT I_RUN I_WALK I_WALK,I_TURN_RIGHT I_RUN I_TURN_RIGHT I_RUN I_TURN_RIGHT I_RUN I_TURN_RIGHT I_RUN I_WALK I_WALK I,REPETITION,template_split
run and run around right,I_RUN I_TURN_RIGHT I_RUN I_TURN_RIGHT I_RUN I_TURN_RIGHT I_RUN I_TURN_RIGHT I_RUN,I_RUN I_TURN_RIGHT I_RUN I_TURN_RIGHT I_RUN I_TURN_RIGHT I_RUN I_TURN_RIGHT I_RUN I_TURN_,REPETITION,template_split
jump around right and jump twice,I_TURN_RIGHT I_JUMP I_TURN_RIGHT I_JUMP I_TURN_RIGHT I_JUMP I_TURN_RIGHT I_JUMP I_JUMP I_JUMP,I_TURN_RIGHT I_JUMP I_TURN_RIGHT I_JUMP I_TURN_RIGHT I_JUMP I_TURN_RIGHT I_JUMP I_JUMP I_JUMP I,REPETITION,template_split
run twice after jump around right,I_TURN_RIGHT I_JUMP I_TURN_RIGHT I_JUMP I_TURN_RIGHT I_JUMP I_TURN_RIGHT I_JUMP I_RUN I_RUN,I_TURN_RIGHT I_JUMP I_TURN_RIGHT I_JUMP I_TURN_RIGHT I_JUMP I_TURN_RIGHT I_JUMP I_RUN I_RUN I,REPETITION,template_split
turn opposite right thrice and run around right,I_TURN_RIGHT I_TURN_RIGHT I_TURN_RIGHT I_TURN_RIGHT I_TURN_RIGHT I_TURN_RIGHT I_TURN_RIGHT I_RUN I_TUR,I_TURN_RIGHT I_TURN_RIGHT I_TURN_RIGHT I_TURN_RIGHT I_TURN_RIGHT I_TURN_RIGHT I_TURN_RIGHT I_TURN_RIGHT I,WRONG ACTION,template_split
jump around right and run twice,I_TURN_RIGHT I_JUMP I_TURN_RIGHT I_JUMP I_TURN_RIGHT I_JUMP I_TURN_RIGHT I_JUMP I_RUN I_RUN,I_TURN_RIGHT I_JUMP I_TURN_RIGHT I_JUMP I_TURN_RIGHT I_JUMP I_TURN_RIGHT I_JUMP I_RUN I_RUN I,REPETITION,template_split
jump around right after turn left,I_TURN_LEFT I_TURN_RIGHT I_JUMP I_TURN_RIGHT I_JUMP I_TURN_RIGHT I_JUMP I_TURN_RIGHT I_JUMP,I_TURN_LEFT I_TURN_RIGHT I_JUMP I_TURN_RIGHT I_JUMP I_TURN_RIGHT I_JUMP I_TURN_RIGHT I_JUMP I_,REPETITION,template_split
run around right and turn right,I_TURN_RIGHT I_RUN I_TURN_RIGHT I_RUN I_TURN_RIGHT I_RUN I_TURN_RIGHT I_RUN I_TURN_RIGHT,I_TURN_RIGHT I_RUN I_TURN_RIGHT I_RUN I_TURN_RIGHT I_RUN I_TURN_RIGHT I_RUN I_TURN_RIGHT I_TUR,REPETITION,template_split
look around right and jump twice,I_TURN_RIGHT I_LOOK I_TURN_RIGHT I_LOOK I_TURN_RIGHT I_LOOK I_TURN_RIGHT I_LOOK I_JUMP I_JUMP,I_TURN_RIGHT I_LOOK I_TURN_RIGHT I_LOOK I_TURN_RIGHT I_LOOK I_TURN_RIGHT I_LOOK I_JUMP I_JUMP I,REPETITION,template_split
run around right after walk,I_WALK I_TURN_RIGHT I_RUN I_TURN_RIGHT I_RUN I_TURN_RIGHT I_RUN I_TURN_RIGHT I_RUN,I_WALK I_TURN_RIGHT I_RUN I_TURN_RIGHT I_RUN I_TURN_RIGHT I_RUN I_TURN_RIGHT I_RUN I_TURN_,REPETITION,template_split
run around right thrice after turn opposite right thrice,I_TURN_RIGHT I_TURN_RIGHT I_TURN_RIGHT I_TURN_RIGHT I_TURN_RIGHT I_TURN_RIGHT I_TURN_RIGHT I_RUN I_TUR,I_TURN_RIGHT I_TURN_RIGHT I_TURN_RIGHT I_TURN_RIGHT I_TURN_RIGHT I_TURN_RIGHT I_TURN_RIGHT I_TURN_RIGHT I,WRONG ACTION,template_split
run and walk around right,I_RUN I_TURN_RIGHT I_WALK I_TURN_RIGHT I_WALK I_TURN_RIGHT I_WALK I_TURN_RIGHT I_WALK,I_RUN I_TURN_RIGHT I_WALK I_TURN_RIGHT I_WALK I_TURN_RIGHT I_WALK I_TURN_RIGHT I_WALK I_TURN_,REPETITION,template_split
walk and walk around right,I_WALK I_TURN_RIGHT I_WALK I_TURN_RIGHT I_WALK I_TURN_RIGHT I_WALK I_TURN_RIGHT I_WALK,I_WALK I_TURN_RIGHT I_WALK I_TURN_RIGHT I_WALK I_TURN_RIGHT I_WALK I_TURN_RIGHT I_WALK I_TURN_,REPETITION,template_split
look around right and walk twice,I_TURN_RIGHT I_LOOK I_TURN_RIGHT I_LOOK I_TURN_RIGHT I_LOOK I_TURN_RIGHT I_LOOK I_WALK I_WALK,I_TURN_RIGHT I_LOOK I_TURN_RIGHT I_LOOK I_TURN_RIGHT I_LOOK I_TURN_RIGHT I_LOOK I_WALK I_WALK I,REPETITION,template_split
jump around right after jump,I_JUMP I_TURN_RIGHT I_JUMP I_TURN_RIGHT I_JUMP I_TURN_RIGHT I_JUMP I_TURN_RIGHT I_JUMP,I_JUMP I_TURN_RIGHT I_JUMP I_TURN_RIGHT I_JUMP I_TURN_RIGHT I_JUMP I_TURN_RIGHT I_JUMP I_TURN_,REPETITION,template_split
turn right and run around right,I_TURN_RIGHT I_TURN_RIGHT I_RUN I_TURN_RIGHT I_RUN I_TURN_RIGHT I_RUN I_TURN_RIGHT I_RUN,I_TURN_RIGHT I_TURN_RIGHT I_RUN I_TURN_RIGHT I_RUN I_TURN_RIGHT I_RUN I_TURN_RIGHT I_RUN I_TUR,REPETITION,template_split
turn opposite right thrice and look around right twice,I_TURN_RIGHT I_TURN_RIGHT I_TURN_RIGHT I_TURN_RIGHT I_TURN_RIGHT I_TURN_RIGHT I_TURN_RIGHT I_LOOK I_TUR,I_TURN_RIGHT I_TURN_RIGHT I_TURN_RIGHT I_TURN_RIGHT I_TURN_RIGHT I_TURN_RIGHT I_TURN_RIGHT I_TURN_RIGHT I,WRONG ACTION,template_split
look and walk around right,I_LOOK I_TURN_RIGHT I_WALK I_TURN_RIGHT I_WALK I_TURN_RIGHT I_WALK I_TURN_RIGHT I_WALK,I_LOOK I_TURN_RIGHT I_WALK I_TURN_RIGHT I_WALK I_TURN_RIGHT I_WALK I_TURN_RIGHT I_WALK I_TURN_,REPETITION,template_split
jump around right and turn right,I_TURN_RIGHT I_JUMP I_TURN_RIGHT I_JUMP I_TURN_RIGHT I_JUMP I_TURN_RIGHT I_JUMP I_TURN_RIGHT,I_TURN_RIGHT I_JUMP I_TURN_RIGHT I_JUMP I_TURN_RIGHT I_JUMP I_TURN_RIGHT I_JUMP I_TURN_RIGHT I_TUR,REPETITION,template_split
look twice after look around right,I_TURN_RIGHT I_LOOK I_TURN_RIGHT I_LOOK I_TURN_RIGHT I_LOOK I_TURN_RIGHT I_LOOK I_LOOK I_LOOK,I_TURN_RIGHT I_LOOK I_TURN_RIGHT I_LOOK I_TURN_RIGHT I_LOOK I_TURN_RIGHT I_LOOK I_LOOK I_LOOK I,REPETITION,template_split
run around right after turn opposite right thrice,I_TURN_RIGHT I_TURN_RIGHT I_TURN_RIGHT I_TURN_RIGHT I_TURN_RIGHT I_TURN_RIGHT I_TURN_RIGHT I_RUN I_TUR,I_TURN_RIGHT I_TURN_RIGHT I_TURN_RIGHT I_TURN_RIGHT I_TURN_RIGHT I_TURN_RIGHT I_TURN_RIGHT I_TURN_RIGHT I,WRONG ACTION,template_split
turn opposite right thrice and run around right twice,I_TURN_RIGHT I_TURN_RIGHT I_TURN_RIGHT I_TURN_RIGHT I_TURN_RIGHT I_TURN_RIGHT I_TURN_RIGHT I_RUN I_TUR,I_TURN_RIGHT I_TURN_RIGHT I_TURN_RIGHT I_TURN_RIGHT I_TURN_RIGHT I_TURN_RIGHT I_TURN_RIGHT I_TURN_RIGHT I,WRONG ACTION,template_split
turn left and look around right,I_TURN_LEFT I_TURN_RIGHT I_LOOK I_TURN_RIGHT I_LOOK I_TURN_RIGHT I_LOOK I_TURN_RIGHT I_LOOK,I_TURN_LEFT I_TURN_RIGHT I_LOOK I_TURN_RIGHT I_LOOK I_TURN_RIGHT I_LOOK I_TURN_RIGHT I_LOOK I_,REPETITION,template_split
run around right after look,I_LOOK I_TURN_RIGHT I_RUN I_TURN_RIGHT I_RUN I_TURN_RIGHT I_RUN I_TURN_RIGHT I_RUN,I_LOOK I_TURN_RIGHT I_RUN I_TURN_RIGHT I_RUN I_TURN_RIGHT I_RUN I_TURN_RIGHT I_RUN I_TURN_,REPETITION,template_split
look around right after turn right,I_TURN_RIGHT I_TURN_RIGHT I_LOOK I_TURN_RIGHT I_LOOK I_TURN_RIGHT I_LOOK I_TURN_RIGHT I_LOOK,I_TURN_RIGHT I_TURN_RIGHT I_LOOK I_TURN_RIGHT I_LOOK I_TURN_RIGHT I_LOOK I_TURN_RIGHT I_LOOK I_TUR,REPETITION,template_split
walk twice after jump around right,I_TURN_RIGHT I_JUMP I_TURN_RIGHT I_JUMP I_TURN_RIGHT I_JUMP I_TURN_RIGHT I_JUMP I_WALK I_WALK,I_TURN_RIGHT I_JUMP I_TURN_RIGHT I_JUMP I_TURN_RIGHT I_JUMP I_TURN_RIGHT I_JUMP I_WALK I_WALK I,REPETITION,template_split
walk and run around right,I_WALK I_TURN_RIGHT I_RUN I_TURN_RIGHT I_RUN I_TURN_RIGHT I_RUN I_TURN_RIGHT I_RUN,I_WALK I_TURN_RIGHT I_RUN I_TURN_RIGHT I_RUN I_TURN_RIGHT I_RUN I_TURN_RIGHT I_RUN I_TURN_,REPETITION,template_split
