,input,target,prediction,error_type,split,error_category
1,turn left and run around right,I_TURN_LEFT I_TURN_RIGHT I_RUN I_TURN_RIGHT I_RUN I_TURN_RIGHT I_RUN I_TURN_RIGHT I_RUN,I_TURN_LEFT I_TURN_RIGHT I_RUN I_TURN_RIGHT I_RUN I_TURN_RIGHT I_RUN I_TURN_RIGHT I_RUN I_,REPETITION,standard,SYNTACTIC
2,run twice and turn opposite right thrice,I_RUN I_RUN I_TURN_RIGHT I_TURN_RIGHT I_TURN_RIGHT I_TURN_RIGHT I_TURN_RIGHT I_TURN_RIGHT,I_RUN I_RUN I_TURN_RIGHT I_TURN_RIGHT I_TURN_RIGHT I_TURN_RIGHT I_TURN_RIGHT I_TURN_RIGHT I_TURN_,REPETITION,standard,SYNTACTIC
3,turn around left and turn left twice,I_TURN_LEFT I_TURN_LEFT I_TURN_LEFT I_TURN_LEFT I_TURN_LEFT I_TURN_LEFT,I_TURN_LEFT I_TURN_LEFT I_TURN_LEFT I_TURN_LEFT I_TURN_LEFT I_TURN_LEFT I_TURN_LEFT,REPETITION,standard,SYNTACTIC
4,look right and turn opposite right thrice,I_TURN_RIGHT I_LOOK I_TURN_RIGHT I_TURN_RIGHT I_TURN_RIGHT I_TURN_RIGHT I_TURN_RIGHT I_TURN_RIGHT,I_TURN_RIGHT I_LOOK I_TURN_RIGHT I_TURN_RIGHT I_TURN_RIGHT I_TURN_RIGHT I_TURN_RIGHT I_TURN_RIGHT I_TUR,REPETITION,standard,SYNTACTIC
6,turn around left,I_TURN_LEFT I_TURN_LEFT I_TURN_LEFT I_TURN_LEFT,I_TURN_LEFT I_TURN_LEFT I_TURN_LEFT I_TURN_LEFT I_TURN_LEFT,REPETITION,standard,SYNTACTIC
7,walk twice and turn opposite right thrice,I_WALK I_WALK I_TURN_RIGHT I_TURN_RIGHT I_TURN_RIGHT I_TURN_RIGHT I_TURN_RIGHT I_TURN_RIGHT,I_WALK I_WALK I_TURN_RIGHT I_TURN_RIGHT I_TURN_RIGHT I_TURN_RIGHT I_TURN_RIGHT I_TURN_RIGHT I_TURN_,REPETITION,standard,SYNTACTIC
8,turn opposite left twice and run,I_TURN_LEFT I_TURN_LEFT I_TURN_LEFT I_TURN_LEFT I_RUN,I_TURN_LEFT I_TURN_LEFT I_TURN_LEFT I_TURN_LEFT I_TURN_LEFT I_RUN,REPETITION,standard,SYNTACTIC
9,turn opposite left twice and run left,I_TURN_LEFT I_TURN_LEFT I_TURN_LEFT I_TURN_LEFT I_TURN_LEFT I_RUN,I_TURN_LEFT I_TURN_LEFT I_TURN_LEFT I_TURN_LEFT I_TURN_LEFT I_TURN_LEFT I_RUN,REPETITION,standard,SYNTACTIC
10,run twice after turn left thrice,I_TURN_LEFT I_TURN_LEFT I_TURN_LEFT I_RUN I_RUN,I_TURN_LEFT I_TURN_LEFT I_TURN_LEFT I_TURN_LEFT I_RUN I_RUN,REPETITION,standard,SYNTACTIC
11,run opposite left and turn around right,I_TURN_LEFT I_TURN_LEFT I_RUN I_TURN_RIGHT I_TURN_RIGHT I_TURN_RIGHT I_TURN_RIGHT,I_TURN_LEFT I_TURN_LEFT I_RUN I_TURN_RIGHT I_TURN_RIGHT I_TURN_RIGHT I_TURN_RIGHT I_TURN_RIGHT,REPETITION,standard,SYNTACTIC
12,turn left and walk around right,I_TURN_LEFT I_TURN_RIGHT I_WALK I_TURN_RIGHT I_WALK I_TURN_RIGHT I_WALK I_TURN_RIGHT I_WALK,I_TURN_LEFT I_TURN_RIGHT I_WALK I_TURN_RIGHT I_WALK I_TURN_RIGHT I_WALK I_TURN_RIGHT I_WALK I_,REPETITION,standard,SYNTACTIC
13,jump around right and turn right,I_TURN_RIGHT I_JUMP I_TURN_RIGHT I_JUMP I_TURN_RIGHT I_JUMP I_TURN_RIGHT I_JUMP I_TURN_RIGHT,I_TURN_RIGHT I_JUMP I_TURN_RIGHT I_JUMP I_TURN_RIGHT I_JUMP I_TURN_RIGHT I_JUMP I_TURN_RIGHT I_TUR,REPETITION,standard,SYNTACTIC
15,turn left thrice and turn left,I_TURN_LEFT I_TURN_LEFT I_TURN_LEFT I_TURN_LEFT,I_TURN_LEFT I_TURN_LEFT I_TURN_LEFT I_TURN_LEFT I_TURN_LEFT,REPETITION,standard,SYNTACTIC
16,turn left twice and turn left twice,I_TURN_LEFT I_TURN_LEFT I_TURN_LEFT I_TURN_LEFT,I_TURN_LEFT I_TURN_LEFT I_TURN_LEFT I_TURN_LEFT I_TURN_LEFT,REPETITION,standard,SYNTACTIC
17,look after turn left thrice,I_TURN_LEFT I_TURN_LEFT I_TURN_LEFT I_LOOK,I_TURN_LEFT I_TURN_LEFT I_TURN_LEFT I_TURN_LEFT I_LOOK,REPETITION,standard,SYNTACTIC
20,turn opposite left and turn around left,I_TURN_LEFT I_TURN_LEFT I_TURN_LEFT I_TURN_LEFT I_TURN_LEFT I_TURN_LEFT,I_TURN_LEFT I_TURN_LEFT I_TURN_LEFT I_TURN_LEFT I_TURN_LEFT I_TURN_LEFT I_TURN_LEFT,REPETITION,standard,SYNTACTIC
21,jump around right and run twice,I_TURN_RIGHT I_JUMP I_TURN_RIGHT I_JUMP I_TURN_RIGHT I_JUMP I_TURN_RIGHT I_JUMP I_RUN I_RUN,I_TURN_RIGHT I_JUMP I_TURN_RIGHT I_JUMP I_TURN_RIGHT I_JUMP I_TURN_RIGHT I_JUMP I_RUN I_RUN I,REPETITION,standard,SYNTACTIC
22,look and run around right,I_LOOK I_TURN_RIGHT I_RUN I_TURN_RIGHT I_RUN I_TURN_RIGHT I_RUN I_TURN_RIGHT I_RUN,I_LOOK I_TURN_RIGHT I_RUN I_TURN_RIGHT I_RUN I_TURN_RIGHT I_RUN I_TURN_RIGHT I_RUN I_TURN_,REPETITION,standard,SYNTACTIC
23,jump and look around right,I_JUMP I_TURN_RIGHT I_LOOK I_TURN_RIGHT I_LOOK I_TURN_RIGHT I_LOOK I_TURN_RIGHT I_LOOK,I_JUMP I_TURN_RIGHT I_LOOK I_TURN_RIGHT I_LOOK I_TURN_RIGHT I_LOOK I_TURN_RIGHT I_LOOK I_TURN_,REPETITION,standard,SYNTACTIC
24,turn opposite right thrice and turn left,I_TURN_RIGHT I_TURN_RIGHT I_TURN_RIGHT I_TURN_RIGHT I_TURN_RIGHT I_TURN_RIGHT I_TURN_LEFT,I_TURN_RIGHT I_TURN_RIGHT I_TURN_RIGHT I_TURN_RIGHT I_TURN_RIGHT I_TURN_RIGHT I_TURN_RIGHT I_TURN_LEFT,REPETITION,standard,SYNTACTIC
25,turn right and walk around right,I_TURN_RIGHT I_TURN_RIGHT I_WALK I_TURN_RIGHT I_WALK I_TURN_RIGHT I_WALK I_TURN_RIGHT I_WALK,I_TURN_RIGHT I_TURN_RIGHT I_WALK I_TURN_RIGHT I_WALK I_TURN_RIGHT I_WALK I_TURN_RIGHT I_WALK I_TUR,REPETITION,standard,SYNTACTIC
27,run left after turn opposite left twice,I_TURN_LEFT I_TURN_LEFT I_TURN_LEFT I_TURN_LEFT I_TURN_LEFT I_RUN,I_TURN_LEFT I_TURN_LEFT I_TURN_LEFT I_TURN_LEFT I_TURN_LEFT I_TURN_LEFT I_RUN,REPETITION,standard,SYNTACTIC
28,jump and turn opposite left thrice,I_JUMP I_TURN_LEFT I_TURN_LEFT I_TURN_LEFT I_TURN_LEFT I_TURN_LEFT I_TURN_LEFT,I_JUMP I_TURN_LEFT I_TURN_LEFT I_TURN_LEFT I_TURN_LEFT I_TURN_LEFT I_TURN_LEFT I_TUR,REPETITION,standard,SYNTACTIC
29,look twice after look around right,I_TURN_RIGHT I_LOOK I_TURN_RIGHT I_LOOK I_TURN_RIGHT I_LOOK I_TURN_RIGHT I_LOOK I_LOOK I_LOOK,I_TURN_RIGHT I_LOOK I_TURN_RIGHT I_LOOK I_TURN_RIGHT I_LOOK I_TURN_RIGHT I_LOOK I_LOOK I_LOOK I,REPETITION,standard,SYNTACTIC
30,look thrice after turn left thrice,I_TURN_LEFT I_TURN_LEFT I_TURN_LEFT I_LOOK I_LOOK I_LOOK,I_TURN_LEFT I_TURN_LEFT I_TURN_LEFT I_TURN_LEFT I_LOOK I_LOOK I_LOOK,REPETITION,standard,SYNTACTIC
31,jump around right and jump twice,I_TURN_RIGHT I_JUMP I_TURN_RIGHT I_JUMP I_TURN_RIGHT I_JUMP I_TURN_RIGHT I_JUMP I_JUMP I_JUMP,I_TURN_RIGHT I_JUMP I_TURN_RIGHT I_JUMP I_TURN_RIGHT I_JUMP I_TURN_RIGHT I_JUMP I_JUMP I_JUMP I,REPETITION,standard,SYNTACTIC
32,turn opposite right thrice after turn left,I_TURN_LEFT I_TURN_RIGHT I_TURN_RIGHT I_TURN_RIGHT I_TURN_RIGHT I_TURN_RIGHT I_TURN_RIGHT,I_TURN_LEFT I_TURN_RIGHT I_TURN_RIGHT I_TURN_RIGHT I_TURN_RIGHT I_TURN_RIGHT I_TURN_RIGHT I_TURN_RIGHT,REPETITION,standard,SYNTACTIC
34,run thrice and run thrice,I_RUN I_RUN I_RUN I_RUN I_RUN I_RUN,I_RUN I_RUN I_RUN I_RUN I_RUN I_RUN I_RUN,REPETITION,standard,SYNTACTIC
35,look after turn opposite left twice,I_TURN_LEFT I_TURN_LEFT I_TURN_LEFT I_TURN_LEFT I_LOOK,I_TURN_LEFT I_TURN_LEFT I_TURN_LEFT I_TURN_LEFT I_TURN_LEFT I_LOOK,REPETITION,standard,SYNTACTIC
36,walk around right and run twice,I_TURN_RIGHT I_WALK I_TURN_RIGHT I_WALK I_TURN_RIGHT I_WALK I_TURN_RIGHT I_WALK I_RUN I_RUN,I_TURN_RIGHT I_WALK I_TURN_RIGHT I_WALK I_TURN_RIGHT I_WALK I_TURN_RIGHT I_WALK I_RUN I_RUN I,REPETITION,standard,SYNTACTIC
37,walk around right after turn left,I_TURN_LEFT I_TURN_RIGHT I_WALK I_TURN_RIGHT I_WALK I_TURN_RIGHT I_WALK I_TURN_RIGHT I_WALK,I_TURN_LEFT I_TURN_RIGHT I_WALK I_TURN_RIGHT I_WALK I_TURN_RIGHT I_WALK I_TURN_RIGHT I_WALK I_,REPETITION,standard,SYNTACTIC
38,turn opposite left twice and run thrice,I_TURN_LEFT I_TURN_LEFT I_TURN_LEFT I_TURN_LEFT I_RUN I_RUN I_RUN,I_TURN_LEFT I_TURN_LEFT I_TURN_LEFT I_TURN_LEFT I_TURN_LEFT I_RUN I_RUN I_RUN,REPETITION,standard,SYNTACTIC
42,run thrice after turn left thrice,I_TURN_LEFT I_TURN_LEFT I_TURN_LEFT I_RUN I_RUN I_RUN,I_TURN_LEFT I_TURN_LEFT I_TURN_LEFT I_TURN_LEFT I_RUN I_RUN I_RUN,REPETITION,standard,SYNTACTIC
44,walk thrice,I_WALK I_WALK I_WALK,I_WALK I_WALK I_WALK I_WALK,REPETITION,standard,SYNTACTIC
45,run after turn opposite right thrice,I_TURN_RIGHT I_TURN_RIGHT I_TURN_RIGHT I_TURN_RIGHT I_TURN_RIGHT I_TURN_RIGHT I_RUN,I_TURN_RIGHT I_TURN_RIGHT I_TURN_RIGHT I_TURN_RIGHT I_TURN_RIGHT I_TURN_RIGHT I_TURN_RIGHT I_RUN,REPETITION,standard,SYNTACTIC
46,turn opposite left thrice after turn right,I_TURN_RIGHT I_TURN_LEFT I_TURN_LEFT I_TURN_LEFT I_TURN_LEFT I_TURN_LEFT I_TURN_LEFT,I_TURN_RIGHT I_TURN_LEFT I_TURN_LEFT I_TURN_LEFT I_TURN_LEFT I_TURN_LEFT I_TURN_LEFT I,REPETITION,standard,SYNTACTIC
48,turn left thrice and run left,I_TURN_LEFT I_TURN_LEFT I_TURN_LEFT I_TURN_LEFT I_RUN,I_TURN_LEFT I_TURN_LEFT I_TURN_LEFT I_TURN_LEFT I_TURN_LEFT I_RUN,REPETITION,standard,SYNTACTIC
49,turn left thrice and look left,I_TURN_LEFT I_TURN_LEFT I_TURN_LEFT I_TURN_LEFT I_LOOK,I_TURN_LEFT I_TURN_LEFT I_TURN_LEFT I_TURN_LEFT I_TURN_LEFT I_LOOK,REPETITION,standard,SYNTACTIC
50,run after turn opposite left twice,I_TURN_LEFT I_TURN_LEFT I_TURN_LEFT I_TURN_LEFT I_RUN,I_TURN_LEFT I_TURN_LEFT I_TURN_LEFT I_TURN_LEFT I_TURN_LEFT I_RUN,REPETITION,standard,SYNTACTIC
51,run and walk around right,I_RUN I_TURN_RIGHT I_WALK I_TURN_RIGHT I_WALK I_TURN_RIGHT I_WALK I_TURN_RIGHT I_WALK,I_RUN I_TURN_RIGHT I_WALK I_TURN_RIGHT I_WALK I_TURN_RIGHT I_WALK I_TURN_RIGHT I_WALK I_TURN_,REPETITION,standard,SYNTACTIC
53,run and look around right,I_RUN I_TURN_RIGHT I_LOOK I_TURN_RIGHT I_LOOK I_TURN_RIGHT I_LOOK I_TURN_RIGHT I_LOOK,I_RUN I_TURN_RIGHT I_LOOK I_TURN_RIGHT I_LOOK I_TURN_RIGHT I_LOOK I_TURN_RIGHT I_LOOK I_TURN_,REPETITION,standard,SYNTACTIC
54,jump and walk around right,I_JUMP I_TURN_RIGHT I_WALK I_TURN_RIGHT I_WALK I_TURN_RIGHT I_WALK I_TURN_RIGHT I_WALK,I_JUMP I_TURN_RIGHT I_WALK I_TURN_RIGHT I_WALK I_TURN_RIGHT I_WALK I_TURN_RIGHT I_WALK I_TURN_,REPETITION,standard,SYNTACTIC
55,look twice after turn left thrice,I_TURN_LEFT I_TURN_LEFT I_TURN_LEFT I_LOOK I_LOOK,I_TURN_LEFT I_TURN_LEFT I_TURN_LEFT I_TURN_LEFT I_LOOK I_LOOK,REPETITION,standard,SYNTACTIC
56,turn opposite right thrice after look,I_LOOK I_TURN_RIGHT I_TURN_RIGHT I_TURN_RIGHT I_TURN_RIGHT I_TURN_RIGHT I_TURN_RIGHT,I_LOOK I_TURN_RIGHT I_TURN_RIGHT I_TURN_RIGHT I_TURN_RIGHT I_TURN_RIGHT I_TURN_RIGHT I_TURN_RIGHT,REPETITION,standard,SYNTACTIC
57,run thrice after turn opposite left twice,I_TURN_LEFT I_TURN_LEFT I_TURN_LEFT I_TURN_LEFT I_RUN I_RUN I_RUN,I_TURN_LEFT I_TURN_LEFT I_TURN_LEFT I_TURN_LEFT I_TURN_LEFT I_RUN I_RUN I_RUN,REPETITION,standard,SYNTACTIC
61,turn around right after turn left thrice,I_TURN_LEFT I_TURN_LEFT I_TURN_LEFT I_TURN_RIGHT I_TURN_RIGHT I_TURN_RIGHT I_TURN_RIGHT,I_TURN_LEFT I_TURN_LEFT I_TURN_LEFT I_TURN_RIGHT I_TURN_RIGHT I_TURN_RIGHT I_TURN_RIGHT I_TURN,REPETITION,standard,SYNTACTIC
64,walk around right and turn right,I_TURN_RIGHT I_WALK I_TURN_RIGHT I_WALK I_TURN_RIGHT I_WALK I_TURN_RIGHT I_WALK I_TURN_RIGHT,I_TURN_RIGHT I_WALK I_TURN_RIGHT I_WALK I_TURN_RIGHT I_WALK I_TURN_RIGHT I_WALK I_TURN_RIGHT I_TUR,REPETITION,standard,SYNTACTIC
67,run left and turn opposite right thrice,I_TURN_LEFT I_RUN I_TURN_RIGHT I_TURN_RIGHT I_TURN_RIGHT I_TURN_RIGHT I_TURN_RIGHT I_TURN_RIGHT,I_TURN_LEFT I_RUN I_TURN_RIGHT I_TURN_RIGHT I_TURN_RIGHT I_TURN_RIGHT I_TURN_RIGHT I_TURN_RIGHT I_,REPETITION,standard,SYNTACTIC
68,turn left after turn left thrice,I_TURN_LEFT I_TURN_LEFT I_TURN_LEFT I_TURN_LEFT,I_TURN_LEFT I_TURN_LEFT I_TURN_LEFT I_TURN_LEFT I_TURN_LEFT,REPETITION,standard,SYNTACTIC
69,jump around right after turn left,I_TURN_LEFT I_TURN_RIGHT I_JUMP I_TURN_RIGHT I_JUMP I_TURN_RIGHT I_JUMP I_TURN_RIGHT I_JUMP,I_TURN_LEFT I_TURN_RIGHT I_JUMP I_TURN_RIGHT I_JUMP I_TURN_RIGHT I_JUMP I_TURN_RIGHT I_JUMP I_,REPETITION,standard,SYNTACTIC
70,look around right and look twice,I_TURN_RIGHT I_LOOK I_TURN_RIGHT I_LOOK I_TURN_RIGHT I_LOOK I_TURN_RIGHT I_LOOK I_LOOK I_LOOK,I_TURN_RIGHT I_LOOK I_TURN_RIGHT I_LOOK I_TURN_RIGHT I_LOOK I_TURN_RIGHT I_LOOK I_LOOK I_LOOK I,REPETITION,standard,SYNTACTIC
71,look around right after run,I_RUN I_TURN_RIGHT I_LOOK I_TURN_RIGHT I_LOOK I_TURN_RIGHT I_LOOK I_TURN_RIGHT I_LOOK,I_RUN I_TURN_RIGHT I_LOOK I_TURN_RIGHT I_LOOK I_TURN_RIGHT I_LOOK I_TURN_RIGHT I_LOOK I_TURN_,REPETITION,standard,SYNTACTIC
73,walk around right and walk twice,I_TURN_RIGHT I_WALK I_TURN_RIGHT I_WALK I_TURN_RIGHT I_WALK I_TURN_RIGHT I_WALK I_WALK I_WALK,I_TURN_RIGHT I_WALK I_TURN_RIGHT I_WALK I_TURN_RIGHT I_WALK I_TURN_RIGHT I_WALK I_WALK I_WALK I,REPETITION,standard,SYNTACTIC
74,run around right,I_TURN_RIGHT I_RUN I_TURN_RIGHT I_RUN I_TURN_RIGHT I_RUN I_TURN_RIGHT I_RUN,I_TURN_RIGHT I_RUN I_TURN_RIGHT I_RUN I_TURN_RIGHT I_RUN I_TURN_RIGHT I_RUN I_TURN_RIGHT I_R,REPETITION,standard,SYNTACTIC
75,jump opposite left and turn around right,I_TURN_LEFT I_TURN_LEFT I_JUMP I_TURN_RIGHT I_TURN_RIGHT I_TURN_RIGHT I_TURN_RIGHT,I_TURN_LEFT I_TURN_LEFT I_JUMP I_TURN_RIGHT I_TURN_RIGHT I_TURN_RIGHT I_TURN_RIGHT I_TURN_RIGHT,REPETITION,standard,SYNTACTIC
76,run around right and jump twice,I_TURN_RIGHT I_RUN I_TURN_RIGHT I_RUN I_TURN_RIGHT I_RUN I_TURN_RIGHT I_RUN I_JUMP I_JUMP,I_TURN_RIGHT I_RUN I_TURN_RIGHT I_RUN I_TURN_RIGHT I_RUN I_TURN_RIGHT I_RUN I_JUMP I_JUMP I,REPETITION,standard,SYNTACTIC
78,jump around right and walk twice,I_TURN_RIGHT I_JUMP I_TURN_RIGHT I_JUMP I_TURN_RIGHT I_JUMP I_TURN_RIGHT I_JUMP I_WALK I_WALK,I_TURN_RIGHT I_JUMP I_TURN_RIGHT I_JUMP I_TURN_RIGHT I_JUMP I_TURN_RIGHT I_JUMP I_WALK I_WALK I,REPETITION,standard,SYNTACTIC
79,run left thrice and turn left twice,I_TURN_LEFT I_RUN I_TURN_LEFT I_RUN I_TURN_LEFT I_RUN I_TURN_LEFT I_TURN_LEFT,I_TURN_LEFT I_RUN I_TURN_LEFT I_RUN I_TURN_LEFT I_RUN I_TURN_LEFT I_TURN_LEFT I_,REPETITION,standard,SYNTACTIC
80,run after turn around left,I_TURN_LEFT I_TURN_LEFT I_TURN_LEFT I_TURN_LEFT I_RUN,I_TURN_LEFT I_TURN_LEFT I_TURN_LEFT I_TURN_LEFT I_TURN_LEFT I_RUN,REPETITION,standard,SYNTACTIC
81,run left twice after turn left thrice,I_TURN_LEFT I_TURN_LEFT I_TURN_LEFT I_TURN_LEFT I_RUN I_TURN_LEFT I_RUN,I_TURN_LEFT I_TURN_LEFT I_TURN_LEFT I_TURN_LEFT I_TURN_LEFT I_RUN I_TURN_LEFT I_R,REPETITION,standard,SYNTACTIC
82,turn opposite right twice,I_TURN_RIGHT I_TURN_RIGHT I_TURN_RIGHT I_TURN_RIGHT,I_TURN_RIGHT I_TURN_RIGHT I_TURN_RIGHT I_TURN_RIGHT I_TURN_RIGHT,REPETITION,standard,SYNTACTIC
83,run around right after run,I_RUN I_TURN_RIGHT I_RUN I_TURN_RIGHT I_RUN I_TURN_RIGHT I_RUN I_TURN_RIGHT I_RUN,I_RUN I_TURN_RIGHT I_RUN I_TURN_RIGHT I_RUN I_TURN_RIGHT I_RUN I_TURN_RIGHT I_RUN I_TURN_,REPETITION,standard,SYNTACTIC
87,turn left and jump around right,I_TURN_LEFT I_TURN_RIGHT I_JUMP I_TURN_RIGHT I_JUMP I_TURN_RIGHT I_JUMP I_TURN_RIGHT I_JUMP,I_TURN_LEFT I_TURN_RIGHT I_JUMP I_TURN_RIGHT I_JUMP I_TURN_RIGHT I_JUMP I_TURN_RIGHT I_JUMP I_,REPETITION,fewshot,SYNTACTIC
88,jump twice after jump around right,I_TURN_RIGHT I_JUMP I_TURN_RIGHT I_JUMP I_TURN_RIGHT I_JUMP I_TURN_RIGHT I_JUMP I_JUMP I_JUMP,I_TURN_RIGHT I_JUMP I_TURN_RIGHT I_JUMP I_TURN_RIGHT I_JUMP I_TURN_RIGHT I_JUMP I_JUMP I_JUMP I,REPETITION,fewshot,SYNTACTIC
89,jump and jump around right,I_JUMP I_TURN_RIGHT I_JUMP I_TURN_RIGHT I_JUMP I_TURN_RIGHT I_JUMP I_TURN_RIGHT I_JUMP,I_JUMP I_TURN_RIGHT I_JUMP I_TURN_RIGHT I_JUMP I_TURN_RIGHT I_JUMP I_TURN_RIGHT I_JUMP I_TURN_,REPETITION,fewshot,SYNTACTIC
90,run and jump around right,I_RUN I_TURN_RIGHT I_JUMP I_TURN_RIGHT I_JUMP I_TURN_RIGHT I_JUMP I_TURN_RIGHT I_JUMP,I_RUN I_TURN_RIGHT I_JUMP I_TURN_RIGHT I_JUMP I_TURN_RIGHT I_JUMP I_TURN_RIGHT I_JUMP I_TURN_,REPETITION,fewshot,SYNTACTIC
93,jump around right and walk twice,I_TURN_RIGHT I_JUMP I_TURN_RIGHT I_JUMP I_TURN_RIGHT I_JUMP I_TURN_RIGHT I_JUMP I_WALK I_WALK,I_TURN_RIGHT I_JUMP I_TURN_RIGHT I_JUMP I_TURN_RIGHT I_JUMP I_TURN_RIGHT I_JUMP I_WALK I_WALK I,REPETITION,fewshot,SYNTACTIC
95,jump around right and look twice,I_TURN_RIGHT I_JUMP I_TURN_RIGHT I_JUMP I_TURN_RIGHT I_JUMP I_TURN_RIGHT I_JUMP I_LOOK I_LOOK,I_TURN_RIGHT I_JUMP I_TURN_RIGHT I_JUMP I_TURN_RIGHT I_JUMP I_TURN_RIGHT I_JUMP I_LOOK I_LOOK I,REPETITION,fewshot,SYNTACTIC
96,jump around right and jump twice,I_TURN_RIGHT I_JUMP I_TURN_RIGHT I_JUMP I_TURN_RIGHT I_JUMP I_TURN_RIGHT I_JUMP I_JUMP I_JUMP,I_TURN_RIGHT I_JUMP I_TURN_RIGHT I_JUMP I_TURN_RIGHT I_JUMP I_TURN_RIGHT I_JUMP I_JUMP I_JUMP I,REPETITION,fewshot,SYNTACTIC
97,run twice after jump around right,I_TURN_RIGHT I_JUMP I_TURN_RIGHT I_JUMP I_TURN_RIGHT I_JUMP I_TURN_RIGHT I_JUMP I_RUN I_RUN,I_TURN_RIGHT I_JUMP I_TURN_RIGHT I_JUMP I_TURN_RIGHT I_JUMP I_TURN_RIGHT I_JUMP I_RUN I_RUN I,REPETITION,fewshot,SYNTACTIC
98,jump around right and run twice,I_TURN_RIGHT I_JUMP I_TURN_RIGHT I_JUMP I_TURN_RIGHT I_JUMP I_TURN_RIGHT I_JUMP I_RUN I_RUN,I_TURN_RIGHT I_JUMP I_TURN_RIGHT I_JUMP I_TURN_RIGHT I_JUMP I_TURN_RIGHT I_JUMP I_RUN I_RUN I,REPETITION,fewshot,SYNTACTIC
99,jump around right after turn left,I_TURN_LEFT I_TURN_RIGHT I_JUMP I_TURN_RIGHT I_JUMP I_TURN_RIGHT I_JUMP I_TURN_RIGHT I_JUMP,I_TURN_LEFT I_TURN_RIGHT I_JUMP I_TURN_RIGHT I_JUMP I_TURN_RIGHT I_JUMP I_TURN_RIGHT I_JUMP I_,REPETITION,fewshot,SYNTACTIC
100,jump around right after jump,I_JUMP I_TURN_RIGHT I_JUMP I_TURN_RIGHT I_JUMP I_TURN_RIGHT I_JUMP I_TURN_RIGHT I_JUMP,I_JUMP I_TURN_RIGHT I_JUMP I_TURN_RIGHT I_JUMP I_TURN_RIGHT I_JUMP I_TURN_RIGHT I_JUMP I_TURN_,REPETITION,fewshot,SYNTACTIC
101,jump around right and turn right,I_TURN_RIGHT I_JUMP I_TURN_RIGHT I_JUMP I_TURN_RIGHT I_JUMP I_TURN_RIGHT I_JUMP I_TURN_RIGHT,I_TURN_RIGHT I_JUMP I_TURN_RIGHT I_JUMP I_TURN_RIGHT I_JUMP I_TURN_RIGHT I_JUMP I_TURN_RIGHT I_TUR,REPETITION,fewshot,SYNTACTIC
102,walk twice after jump around right,I_TURN_RIGHT I_JUMP I_TURN_RIGHT I_JUMP I_TURN_RIGHT I_JUMP I_TURN_RIGHT I_JUMP I_WALK I_WALK,I_TURN_RIGHT I_JUMP I_TURN_RIGHT I_JUMP I_TURN_RIGHT I_JUMP I_TURN_RIGHT I_JUMP I_WALK I_WALK I,REPETITION,fewshot,SYNTACTIC
103,turn left twice after jump left thrice,I_TURN_LEFT I_JUMP I_TURN_LEFT I_JUMP I_TURN_LEFT I_JUMP I_TURN_LEFT I_TURN_LEFT,I_TURN_LEFT I_JUMP I_TURN_LEFT I_JUMP I_TURN_LEFT I_JUMP I_TURN_LEFT I_TURN_LEFT I_,REPETITION,addprim_jump,SYNTACTIC
104,run and jump around right,I_RUN I_TURN_RIGHT I_JUMP I_TURN_RIGHT I_JUMP I_TURN_RIGHT I_JUMP I_TURN_RIGHT I_JUMP,I_RUN I_TURN_RIGHT I_JUMP I_TURN_RIGHT I_JUMP I_TURN_RIGHT I_JUMP I_TURN_RIGHT I_JUMP I_TURN_,REPETITION,addprim_jump,SYNTACTIC
107,look around right and jump twice,I_TURN_RIGHT I_LOOK I_TURN_RIGHT I_LOOK I_TURN_RIGHT I_LOOK I_TURN_RIGHT I_LOOK I_JUMP I_JUMP,I_TURN_RIGHT I_LOOK I_TURN_RIGHT I_LOOK I_TURN_RIGHT I_LOOK I_TURN_RIGHT I_LOOK I_JUMP I_JUMP I,REPETITION,addprim_jump,SYNTACTIC
108,jump twice and turn opposite right thrice,I_JUMP I_JUMP I_TURN_RIGHT I_TURN_RIGHT I_TURN_RIGHT I_TURN_RIGHT I_TURN_RIGHT I_TURN_RIGHT,I_JUMP I_JUMP I_TURN_RIGHT I_TURN_RIGHT I_TURN_RIGHT I_TURN_RIGHT I_TURN_RIGHT I_TURN_RIGHT I_TURN_,REPETITION,addprim_jump,SYNTACTIC
109,turn opposite left twice and jump left,I_TURN_LEFT I_TURN_LEFT I_TURN_LEFT I_TURN_LEFT I_TURN_LEFT I_JUMP,I_TURN_LEFT I_TURN_LEFT I_TURN_LEFT I_TURN_LEFT I_TURN_LEFT I_TURN_LEFT I_JUMP,REPETITION,addprim_jump,SYNTACTIC
111,turn around right after jump right twice,I_TURN_RIGHT I_JUMP I_TURN_RIGHT I_JUMP I_TURN_RIGHT I_TURN_RIGHT I_TURN_RIGHT I_TURN_RIGHT,I_TURN_RIGHT I_JUMP I_TURN_RIGHT I_JUMP I_TURN_RIGHT I_TURN_RIGHT I_TURN_RIGHT I_TURN_RIGHT I_TURN_,REPETITION,addprim_jump,SYNTACTIC
112,jump left thrice and turn left twice,I_TURN_LEFT I_JUMP I_TURN_LEFT I_JUMP I_TURN_LEFT I_JUMP I_TURN_LEFT I_TURN_LEFT,I_TURN_LEFT I_JUMP I_TURN_LEFT I_JUMP I_TURN_LEFT I_JUMP I_TURN_LEFT I_TURN_LEFT I_,REPETITION,addprim_jump,SYNTACTIC
113,jump left and turn opposite right thrice,I_TURN_LEFT I_JUMP I_TURN_RIGHT I_TURN_RIGHT I_TURN_RIGHT I_TURN_RIGHT I_TURN_RIGHT I_TURN_RIGHT,I_TURN_LEFT I_JUMP I_TURN_RIGHT I_TURN_RIGHT I_TURN_RIGHT I_TURN_RIGHT I_TURN_RIGHT I_TURN_RIGHT I_,REPETITION,addprim_jump,SYNTACTIC
115,jump thrice after turn left thrice,I_TURN_LEFT I_TURN_LEFT I_TURN_LEFT I_JUMP I_JUMP I_JUMP,I_TURN_LEFT I_TURN_LEFT I_TURN_LEFT I_TURN_LEFT I_JUMP I_JUMP I_JUMP,REPETITION,addprim_jump,SYNTACTIC
116,run twice after jump around right,I_TURN_RIGHT I_JUMP I_TURN_RIGHT I_JUMP I_TURN_RIGHT I_JUMP I_TURN_RIGHT I_JUMP I_RUN I_RUN,I_TURN_RIGHT I_JUMP I_TURN_RIGHT I_JUMP I_TURN_RIGHT I_JUMP I_TURN_RIGHT I_JUMP I_RUN I_RUN I,REPETITION,addprim_jump,SYNTACTIC
118,jump thrice after turn opposite left twice,I_TURN_LEFT I_TURN_LEFT I_TURN_LEFT I_TURN_LEFT I_JUMP I_JUMP I_JUMP,I_TURN_LEFT I_TURN_LEFT I_TURN_LEFT I_TURN_LEFT I_TURN_LEFT I_JUMP I_JUMP I_JUMP,REPETITION,addprim_jump,SYNTACTIC
121,turn opposite left twice after jump thrice,I_JUMP I_JUMP I_JUMP I_TURN_LEFT I_TURN_LEFT I_TURN_LEFT I_TURN_LEFT,I_JUMP I_JUMP I_JUMP I_TURN_LEFT I_TURN_LEFT I_TURN_LEFT I_TURN_LEFT I_TURN_LEFT,REPETITION,addprim_jump,SYNTACTIC
122,jump right and turn opposite right thrice,I_TURN_RIGHT I_JUMP I_TURN_RIGHT I_TURN_RIGHT I_TURN_RIGHT I_TURN_RIGHT I_TURN_RIGHT I_TURN_RIGHT,I_TURN_RIGHT I_JUMP I_TURN_RIGHT I_TURN_RIGHT I_TURN_RIGHT I_TURN_RIGHT I_TURN_RIGHT I_TURN_RIGHT I_TUR,REPETITION,addprim_jump,SYNTACTIC
125,turn around right after jump opposite left,I_TURN_LEFT I_TURN_LEFT I_JUMP I_TURN_RIGHT I_TURN_RIGHT I_TURN_RIGHT I_TURN_RIGHT,I_TURN_LEFT I_TURN_LEFT I_JUMP I_TURN_RIGHT I_TURN_RIGHT I_TURN_RIGHT I_TURN_RIGHT I_TURN_RIGHT,REPETITION,addprim_jump,SYNTACTIC
126,turn opposite right thrice after jump twice,I_JUMP I_JUMP I_TURN_RIGHT I_TURN_RIGHT I_TURN_RIGHT I_TURN_RIGHT I_TURN_RIGHT I_TURN_RIGHT,I_JUMP I_JUMP I_TURN_RIGHT I_TURN_RIGHT I_TURN_RIGHT I_TURN_RIGHT I_TURN_RIGHT I_TURN_RIGHT I_TURN_,REPETITION,addprim_jump,SYNTACTIC
127,jump and run around right,I_JUMP I_TURN_RIGHT I_RUN I_TURN_RIGHT I_RUN I_TURN_RIGHT I_RUN I_TURN_RIGHT I_RUN,I_JUMP I_TURN_RIGHT I_RUN I_TURN_RIGHT I_RUN I_TURN_RIGHT I_RUN I_TURN_RIGHT I_RUN I_TURN_,REPETITION,addprim_jump,SYNTACTIC
130,jump thrice and jump thrice,I_JUMP I_JUMP I_JUMP I_JUMP I_JUMP I_JUMP,I_JUMP I_JUMP I_JUMP I_JUMP I_JUMP I_JUMP I_JUMP,REPETITION,addprim_jump,SYNTACTIC
132,look around right after jump,I_JUMP I_TURN_RIGHT I_LOOK I_TURN_RIGHT I_LOOK I_TURN_RIGHT I_LOOK I_TURN_RIGHT I_LOOK,I_JUMP I_TURN_RIGHT I_LOOK I_TURN_RIGHT I_LOOK I_TURN_RIGHT I_LOOK I_TURN_RIGHT I_LOOK I_TURN_,REPETITION,addprim_jump,SYNTACTIC
134,jump and turn opposite right thrice,I_JUMP I_TURN_RIGHT I_TURN_RIGHT I_TURN_RIGHT I_TURN_RIGHT I_TURN_RIGHT I_TURN_RIGHT,I_JUMP I_TURN_RIGHT I_TURN_RIGHT I_TURN_RIGHT I_TURN_RIGHT I_TURN_RIGHT I_TURN_RIGHT I_TURN_RIGHT,REPETITION,addprim_jump,SYNTACTIC
136,jump right twice and turn opposite right twice,I_TURN_RIGHT I_JUMP I_TURN_RIGHT I_JUMP I_TURN_RIGHT I_TURN_RIGHT I_TURN_RIGHT I_TURN_RIGHT,I_TURN_RIGHT I_JUMP I_TURN_RIGHT I_JUMP I_TURN_RIGHT I_TURN_RIGHT I_TURN_RIGHT I_TURN_RIGHT I_TURN_,REPETITION,addprim_jump,SYNTACTIC
137,walk twice after jump around right,I_TURN_RIGHT I_JUMP I_TURN_RIGHT I_JUMP I_TURN_RIGHT I_JUMP I_TURN_RIGHT I_JUMP I_WALK I_WALK,I_TURN_RIGHT I_JUMP I_TURN_RIGHT I_JUMP I_TURN_RIGHT I_JUMP I_TURN_RIGHT I_JUMP I_WALK I_WALK I,REPETITION,addprim_jump,SYNTACTIC
138,jump twice after jump around right,I_TURN_RIGHT I_JUMP I_TURN_RIGHT I_JUMP I_TURN_RIGHT I_JUMP I_TURN_RIGHT I_JUMP I_JUMP I_JUMP,I_TURN_RIGHT I_JUMP I_TURN_RIGHT I_JUMP I_TURN_RIGHT I_JUMP I_TURN_RIGHT I_JUMP I_JUMP I_JUMP I,REPETITION,addprim_jump,SYNTACTIC
139,turn opposite right thrice after jump right,I_TURN_RIGHT I_JUMP I_TURN_RIGHT I_TURN_RIGHT I_TURN_RIGHT I_TURN_RIGHT I_TURN_RIGHT I_TURN_RIGHT,I_TURN_RIGHT I_JUMP I_TURN_RIGHT I_TURN_RIGHT I_TURN_RIGHT I_TURN_RIGHT I_TURN_RIGHT I_TURN_RIGHT I_TUR,REPETITION,addprim_jump,SYNTACTIC
140,walk around right and jump twice,I_TURN_RIGHT I_WALK I_TURN_RIGHT I_WALK I_TURN_RIGHT I_WALK I_TURN_RIGHT I_WALK I_JUMP I_JUMP,I_TURN_RIGHT I_WALK I_TURN_RIGHT I_WALK I_TURN_RIGHT I_WALK I_TURN_RIGHT I_WALK I_JUMP I_JUMP I,REPETITION,addprim_jump,SYNTACTIC
141,turn opposite right thrice after jump,I_JUMP I_TURN_RIGHT I_TURN_RIGHT I_TURN_RIGHT I_TURN_RIGHT I_TURN_RIGHT I_TURN_RIGHT,I_JUMP I_TURN_RIGHT I_TURN_RIGHT I_TURN_RIGHT I_TURN_RIGHT I_TURN_RIGHT I_TURN_RIGHT I_TURN_RIGHT,REPETITION,addprim_jump,SYNTACTIC
142,jump opposite right thrice,I_TURN_RIGHT I_TURN_RIGHT I_JUMP I_TURN_RIGHT I_TURN_RIGHT I_JUMP I_TURN_RIGHT I_TURN_RIGHT I_JUMP,I_TURN_RIGHT I_TURN_RIGHT I_JUMP I_TURN_RIGHT I_TURN_RIGHT I_JUMP I_TURN_RIGHT I_TURN_RIGHT I_JUMP I,REPETITION,addprim_jump,SYNTACTIC
143,jump thrice,I_JUMP I_JUMP I_JUMP,I_JUMP I_JUMP I_JUMP I_JUMP,REPETITION,addprim_jump,SYNTACTIC
144,jump twice after run around right,I_TURN_RIGHT I_RUN I_TURN_RIGHT I_RUN I_TURN_RIGHT I_RUN I_TURN_RIGHT I_RUN I_JUMP I_JUMP,I_TURN_RIGHT I_RUN I_TURN_RIGHT I_RUN I_TURN_RIGHT I_RUN I_TURN_RIGHT I_RUN I_JUMP I_JUMP I,REPETITION,addprim_jump,SYNTACTIC
145,turn opposite right twice after jump right twice,I_TURN_RIGHT I_JUMP I_TURN_RIGHT I_JUMP I_TURN_RIGHT I_TURN_RIGHT I_TURN_RIGHT I_TURN_RIGHT,I_TURN_RIGHT I_JUMP I_TURN_RIGHT I_JUMP I_TURN_RIGHT I_TURN_RIGHT I_TURN_RIGHT I_TURN_RIGHT I_TURN_,REPETITION,addprim_jump,SYNTACTIC
146,jump left twice and turn around right,I_TURN_LEFT I_JUMP I_TURN_LEFT I_JUMP I_TURN_RIGHT I_TURN_RIGHT I_TURN_RIGHT I_TURN_RIGHT,I_TURN_LEFT I_JUMP I_TURN_LEFT I_JUMP I_TURN_RIGHT I_TURN_RIGHT I_TURN_RIGHT I_TURN_RIGHT I_TUR,REPETITION,addprim_jump,SYNTACTIC
147,jump around left,I_TURN_LEFT I_JUMP I_TURN_LEFT I_JUMP I_TURN_LEFT I_JUMP I_TURN_LEFT I_JUMP,I_TURN_LEFT I_JUMP I_TURN_LEFT I_JUMP I_TURN_LEFT I_JUMP I_TURN_LEFT I_JUMP I_TURN_,REPETITION,addprim_jump,SYNTACTIC
148,run around right after jump,I_JUMP I_TURN_RIGHT I_RUN I_TURN_RIGHT I_RUN I_TURN_RIGHT I_RUN I_TURN_RIGHT I_RUN,I_JUMP I_TURN_RIGHT I_RUN I_TURN_RIGHT I_RUN I_TURN_RIGHT I_RUN I_TURN_RIGHT I_RUN I_TURN_,REPETITION,addprim_jump,SYNTACTIC
150,jump right twice and turn around right,I_TURN_RIGHT I_JUMP I_TURN_RIGHT I_JUMP I_TURN_RIGHT I_TURN_RIGHT I_TURN_RIGHT I_TURN_RIGHT,I_TURN_RIGHT I_JUMP I_TURN_RIGHT I_JUMP I_TURN_RIGHT I_TURN_RIGHT I_TURN_RIGHT I_TURN_RIGHT I_TURN_,REPETITION,addprim_jump,SYNTACTIC
152,jump left after turn opposite left twice,I_TURN_LEFT I_TURN_LEFT I_TURN_LEFT I_TURN_LEFT I_TURN_LEFT I_JUMP,I_TURN_LEFT I_TURN_LEFT I_TURN_LEFT I_TURN_LEFT I_TURN_LEFT I_TURN_LEFT I_JUMP,REPETITION,addprim_jump,SYNTACTIC
154,jump twice after look around right,I_TURN_RIGHT I_LOOK I_TURN_RIGHT I_LOOK I_TURN_RIGHT I_LOOK I_TURN_RIGHT I_LOOK I_JUMP I_JUMP,I_TURN_RIGHT I_LOOK I_TURN_RIGHT I_LOOK I_TURN_RIGHT I_LOOK I_TURN_RIGHT I_LOOK I_JUMP I_JUMP I,REPETITION,addprim_jump,SYNTACTIC
155,jump around right and look twice,I_TURN_RIGHT I_JUMP I_TURN_RIGHT I_JUMP I_TURN_RIGHT I_JUMP I_TURN_RIGHT I_JUMP I_LOOK I_LOOK,I_TURN_RIGHT I_JUMP I_TURN_RIGHT I_JUMP I_TURN_RIGHT I_JUMP I_TURN_RIGHT I_JUMP I_LOOK I_LOOK I,REPETITION,addprim_jump,SYNTACTIC
156,turn opposite right thrice after jump left,I_TURN_LEFT I_JUMP I_TURN_RIGHT I_TURN_RIGHT I_TURN_RIGHT I_TURN_RIGHT I_TURN_RIGHT I_TURN_RIGHT,I_TURN_LEFT I_JUMP I_TURN_RIGHT I_TURN_RIGHT I_TURN_RIGHT I_TURN_RIGHT I_TURN_RIGHT I_TURN_RIGHT I_,REPETITION,addprim_jump,SYNTACTIC
157,turn left and jump around right,I_TURN_LEFT I_TURN_RIGHT I_JUMP I_TURN_RIGHT I_JUMP I_TURN_RIGHT I_JUMP I_TURN_RIGHT I_JUMP,I_TURN_LEFT I_TURN_RIGHT I_JUMP I_TURN_RIGHT I_JUMP I_TURN_RIGHT I_JUMP I_TURN_RIGHT I_JUMP I_,REPETITION,addprim_jump,SYNTACTIC
159,turn opposite right thrice after jump thrice,I_JUMP I_JUMP I_JUMP I_TURN_RIGHT I_TURN_RIGHT I_TURN_RIGHT I_TURN_RIGHT I_TURN_RIGHT I_TURN_RIGHT,I_JUMP I_JUMP I_JUMP I_TURN_RIGHT I_TURN_RIGHT I_TURN_RIGHT I_TURN_RIGHT I_TURN_RIGHT I_TURN_RIGHT I,REPETITION,addprim_jump,SYNTACTIC
160,turn opposite left thrice after jump,I_JUMP I_TURN_LEFT I_TURN_LEFT I_TURN_LEFT I_TURN_LEFT I_TURN_LEFT I_TURN_LEFT,I_JUMP I_TURN_LEFT I_TURN_LEFT I_TURN_LEFT I_TURN_LEFT I_TURN_LEFT I_TURN_LEFT I_TUR,REPETITION,addprim_jump,SYNTACTIC
161,jump and jump around right,I_JUMP I_TURN_RIGHT I_JUMP I_TURN_RIGHT I_JUMP I_TURN_RIGHT I_JUMP I_TURN_RIGHT I_JUMP,I_JUMP I_TURN_RIGHT I_JUMP I_TURN_RIGHT I_JUMP I_TURN_RIGHT I_JUMP I_TURN_RIGHT I_JUMP I_TURN_,REPETITION,addprim_jump,SYNTACTIC
163,jump around right after jump,I_JUMP I_TURN_RIGHT I_JUMP I_TURN_RIGHT I_JUMP I_TURN_RIGHT I_JUMP I_TURN_RIGHT I_JUMP,I_JUMP I_TURN_RIGHT I_JUMP I_TURN_RIGHT I_JUMP I_TURN_RIGHT I_JUMP I_TURN_RIGHT I_JUMP I_TURN_,REPETITION,addprim_jump,SYNTACTIC
164,jump thrice and turn opposite right thrice,I_JUMP I_JUMP I_JUMP I_TURN_RIGHT I_TURN_RIGHT I_TURN_RIGHT I_TURN_RIGHT I_TURN_RIGHT I_TURN_RIGHT,I_JUMP I_JUMP I_JUMP I_TURN_RIGHT I_TURN_RIGHT I_TURN_RIGHT I_TURN_RIGHT I_TURN_RIGHT I_TURN_RIGHT I,REPETITION,addprim_jump,SYNTACTIC
165,jump around right and turn right,I_TURN_RIGHT I_JUMP I_TURN_RIGHT I_JUMP I_TURN_RIGHT I_JUMP I_TURN_RIGHT I_JUMP I_TURN_RIGHT,I_TURN_RIGHT I_JUMP I_TURN_RIGHT I_JUMP I_TURN_RIGHT I_JUMP I_TURN_RIGHT I_JUMP I_TURN_RIGHT I_TUR,REPETITION,addprim_jump,SYNTACTIC
168,jump around right and run twice,I_TURN_RIGHT I_JUMP I_TURN_RIGHT I_JUMP I_TURN_RIGHT I_JUMP I_TURN_RIGHT I_JUMP I_RUN I_RUN,I_TURN_RIGHT I_JUMP I_TURN_RIGHT I_JUMP I_TURN_RIGHT I_JUMP I_TURN_RIGHT I_JUMP I_RUN I_RUN I,REPETITION,addprim_jump,SYNTACTIC
169,jump and look around right,I_JUMP I_TURN_RIGHT I_LOOK I_TURN_RIGHT I_LOOK I_TURN_RIGHT I_LOOK I_TURN_RIGHT I_LOOK,I_JUMP I_TURN_RIGHT I_LOOK I_TURN_RIGHT I_LOOK I_TURN_RIGHT I_LOOK I_TURN_RIGHT I_LOOK I_TURN_,REPETITION,addprim_jump,SYNTACTIC
171,jump and turn opposite left thrice,I_JUMP I_TURN_LEFT I_TURN_LEFT I_TURN_LEFT I_TURN_LEFT I_TURN_LEFT I_TURN_LEFT,I_JUMP I_TURN_LEFT I_TURN_LEFT I_TURN_LEFT I_TURN_LEFT I_TURN_LEFT I_TURN_LEFT I_TUR,REPETITION,addprim_jump,SYNTACTIC
172,jump around right and jump twice,I_TURN_RIGHT I_JUMP I_TURN_RIGHT I_JUMP I_TURN_RIGHT I_JUMP I_TURN_RIGHT I_JUMP I_JUMP I_JUMP,I_TURN_RIGHT I_JUMP I_TURN_RIGHT I_JUMP I_TURN_RIGHT I_JUMP I_TURN_RIGHT I_JUMP I_JUMP I_JUMP I,REPETITION,addprim_jump,SYNTACTIC
176,jump and walk around right,I_JUMP I_TURN_RIGHT I_WALK I_TURN_RIGHT I_WALK I_TURN_RIGHT I_WALK I_TURN_RIGHT I_WALK,I_JUMP I_TURN_RIGHT I_WALK I_TURN_RIGHT I_WALK I_TURN_RIGHT I_WALK I_TURN_RIGHT I_WALK I_TURN_,REPETITION,addprim_jump,SYNTACTIC
178,jump around right after turn left,I_TURN_LEFT I_TURN_RIGHT I_JUMP I_TURN_RIGHT I_JUMP I_TURN_RIGHT I_JUMP I_TURN_RIGHT I_JUMP,I_TURN_LEFT I_TURN_RIGHT I_JUMP I_TURN_RIGHT I_JUMP I_TURN_RIGHT I_JUMP I_TURN_RIGHT I_JUMP I_,REPETITION,addprim_jump,SYNTACTIC
179,jump opposite left and turn around right,I_TURN_LEFT I_TURN_LEFT I_JUMP I_TURN_RIGHT I_TURN_RIGHT I_TURN_RIGHT I_TURN_RIGHT,I_TURN_LEFT I_TURN_LEFT I_JUMP I_TURN_RIGHT I_TURN_RIGHT I_TURN_RIGHT I_TURN_RIGHT I_TURN_RIGHT,REPETITION,addprim_jump,SYNTACTIC
180,run around right and jump twice,I_TURN_RIGHT I_RUN I_TURN_RIGHT I_RUN I_TURN_RIGHT I_RUN I_TURN_RIGHT I_RUN I_JUMP I_JUMP,I_TURN_RIGHT I_RUN I_TURN_RIGHT I_RUN I_TURN_RIGHT I_RUN I_TURN_RIGHT I_RUN I_JUMP I_JUMP I,REPETITION,addprim_jump,SYNTACTIC
181,jump around right and walk twice,I_TURN_RIGHT I_JUMP I_TURN_RIGHT I_JUMP I_TURN_RIGHT I_JUMP I_TURN_RIGHT I_JUMP I_WALK I_WALK,I_TURN_RIGHT I_JUMP I_TURN_RIGHT I_JUMP I_TURN_RIGHT I_JUMP I_TURN_RIGHT I_JUMP I_WALK I_WALK I,REPETITION,addprim_jump,SYNTACTIC
185,turn left and jump around right,I_TURN_LEFT I_TURN_RIGHT I_JUMP I_TURN_RIGHT I_JUMP I_TURN_RIGHT I_JUMP I_TURN_RIGHT I_JUMP,I_TURN_LEFT I_TURN_RIGHT I_JUMP I_TURN_RIGHT I_JUMP I_TURN_RIGHT I_JUMP I_TURN_RIGHT I_JUMP I_,REPETITION,filler_split,SYNTACTIC
186,jump twice after jump around right,I_TURN_RIGHT I_JUMP I_TURN_RIGHT I_JUMP I_TURN_RIGHT I_JUMP I_TURN_RIGHT I_JUMP I_JUMP I_JUMP,I_TURN_RIGHT I_JUMP I_TURN_RIGHT I_JUMP I_TURN_RIGHT I_JUMP I_TURN_RIGHT I_JUMP I_JUMP I_JUMP I,REPETITION,filler_split,SYNTACTIC
187,jump and jump around right,I_JUMP I_TURN_RIGHT I_JUMP I_TURN_RIGHT I_JUMP I_TURN_RIGHT I_JUMP I_TURN_RIGHT I_JUMP,I_JUMP I_TURN_RIGHT I_JUMP I_TURN_RIGHT I_JUMP I_TURN_RIGHT I_JUMP I_TURN_RIGHT I_JUMP I_TURN_,REPETITION,filler_split,SYNTACTIC
188,run and jump around right,I_RUN I_TURN_RIGHT I_JUMP I_TURN_RIGHT I_JUMP I_TURN_RIGHT I_JUMP I_TURN_RIGHT I_JUMP,I_RUN I_TURN_RIGHT I_JUMP I_TURN_RIGHT I_JUMP I_TURN_RIGHT I_JUMP I_TURN_RIGHT I_JUMP I_TURN_,REPETITION,filler_split,SYNTACTIC
191,jump around right and walk twice,I_TURN_RIGHT I_JUMP I_TURN_RIGHT I_JUMP I_TURN_RIGHT I_JUMP I_TURN_RIGHT I_JUMP I_WALK I_WALK,I_TURN_RIGHT I_JUMP I_TURN_RIGHT I_JUMP I_TURN_RIGHT I_JUMP I_TURN_RIGHT I_JUMP I_WALK I_WALK I,REPETITION,filler_split,SYNTACTIC
193,jump around right and look twice,I_TURN_RIGHT I_JUMP I_TURN_RIGHT I_JUMP I_TURN_RIGHT I_JUMP I_TURN_RIGHT I_JUMP I_LOOK I_LOOK,I_TURN_RIGHT I_JUMP I_TURN_RIGHT I_JUMP I_TURN_RIGHT I_JUMP I_TURN_RIGHT I_JUMP I_LOOK I_LOOK I,REPETITION,filler_split,SYNTACTIC
194,jump around right and jump twice,I_TURN_RIGHT I_JUMP I_TURN_RIGHT I_JUMP I_TURN_RIGHT I_JUMP I_TURN_RIGHT I_JUMP I_JUMP I_JUMP,I_TURN_RIGHT I_JUMP I_TURN_RIGHT I_JUMP I_TURN_RIGHT I_JUMP I_TURN_RIGHT I_JUMP I_JUMP I_JUMP I,REPETITION,filler_split,SYNTACTIC
195,run twice after jump around right,I_TURN_RIGHT I_JUMP I_TURN_RIGHT I_JUMP I_TURN_RIGHT I_JUMP I_TURN_RIGHT I_JUMP I_RUN I_RUN,I_TURN_RIGHT I_JUMP I_TURN_RIGHT I_JUMP I_TURN_RIGHT I_JUMP I_TURN_RIGHT I_JUMP I_RUN I_RUN I,REPETITION,filler_split,SYNTACTIC
196,jump around right and run twice,I_TURN_RIGHT I_JUMP I_TURN_RIGHT I_JUMP I_TURN_RIGHT I_JUMP I_TURN_RIGHT I_JUMP I_RUN I_RUN,I_TURN_RIGHT I_JUMP I_TURN_RIGHT I_JUMP I_TURN_RIGHT I_JUMP I_TURN_RIGHT I_JUMP I_RUN I_RUN I,REPETITION,filler_split,SYNTACTIC
197,jump around right after turn left,I_TURN_LEFT I_TURN_RIGHT I_JUMP I_TURN_RIGHT I_JUMP I_TURN_RIGHT I_JUMP I_TURN_RIGHT I_JUMP,I_TURN_LEFT I_TURN_RIGHT I_JUMP I_TURN_RIGHT I_JUMP I_TURN_RIGHT I_JUMP I_TURN_RIGHT I_JUMP I_,REPETITION,filler_split,SYNTACTIC
198,jump around right after jump,I_JUMP I_TURN_RIGHT I_JUMP I_TURN_RIGHT I_JUMP I_TURN_RIGHT I_JUMP I_TURN_RIGHT I_JUMP,I_JUMP I_TURN_RIGHT I_JUMP I_TURN_RIGHT I_JUMP I_TURN_RIGHT I_JUMP I_TURN_RIGHT I_JUMP I_TURN_,REPETITION,filler_split,SYNTACTIC
199,jump around right and turn right,I_TURN_RIGHT I_JUMP I_TURN_RIGHT I_JUMP I_TURN_RIGHT I_JUMP I_TURN_RIGHT I_JUMP I_TURN_RIGHT,I_TURN_RIGHT I_JUMP I_TURN_RIGHT I_JUMP I_TURN_RIGHT I_JUMP I_TURN_RIGHT I_JUMP I_TURN_RIGHT I_TUR,REPETITION,filler_split,SYNTACTIC
200,walk twice after jump around right,I_TURN_RIGHT I_JUMP I_TURN_RIGHT I_JUMP I_TURN_RIGHT I_JUMP I_TURN_RIGHT I_JUMP I_WALK I_WALK,I_TURN_RIGHT I_JUMP I_TURN_RIGHT I_JUMP I_TURN_RIGHT I_JUMP I_TURN_RIGHT I_JUMP I_WALK I_WALK I,REPETITION,filler_split,SYNTACTIC
215,look around right after run,I_RUN I_TURN_RIGHT I_LOOK I_TURN_RIGHT I_LOOK I_TURN_RIGHT I_LOOK I_TURN_RIGHT I_LOOK,I_RUN I_TURN_RIGHT I_LOOK I_TURN_RIGHT I_LOOK I_TURN_RIGHT I_LOOK I_TURN_RIGHT I_LOOK I_TURN_,REPETITION,template_split,SYNTACTIC
216,look around right after turn left,I_TURN_LEFT I_TURN_RIGHT I_LOOK I_TURN_RIGHT I_LOOK I_TURN_RIGHT I_LOOK I_TURN_RIGHT I_LOOK,I_TURN_LEFT I_TURN_RIGHT I_LOOK I_TURN_RIGHT I_LOOK I_TURN_RIGHT I_LOOK I_TURN_RIGHT I_LOOK I_,REPETITION,template_split,SYNTACTIC
217,look and run around right,I_LOOK I_TURN_RIGHT I_RUN I_TURN_RIGHT I_RUN I_TURN_RIGHT I_RUN I_TURN_RIGHT I_RUN,I_LOOK I_TURN_RIGHT I_RUN I_TURN_RIGHT I_RUN I_TURN_RIGHT I_RUN I_TURN_RIGHT I_RUN I_TURN_,REPETITION,template_split,SYNTACTIC
218,run around right and look twice,I_TURN_RIGHT I_RUN I_TURN_RIGHT I_RUN I_TURN_RIGHT I_RUN I_TURN_RIGHT I_RUN I_LOOK I_LOOK,I_TURN_RIGHT I_RUN I_TURN_RIGHT I_RUN I_TURN_RIGHT I_RUN I_TURN_RIGHT I_RUN I_LOOK I_LOOK I,REPETITION,template_split,SYNTACTIC
222,walk and look around right,I_WALK I_TURN_RIGHT I_LOOK I_TURN_RIGHT I_LOOK I_TURN_RIGHT I_LOOK I_TURN_RIGHT I_LOOK,I_WALK I_TURN_RIGHT I_LOOK I_TURN_RIGHT I_LOOK I_TURN_RIGHT I_LOOK I_TURN_RIGHT I_LOOK I_TURN_,REPETITION,template_split,SYNTACTIC
223,run around right after turn right,I_TURN_RIGHT I_TURN_RIGHT I_RUN I_TURN_RIGHT I_RUN I_TURN_RIGHT I_RUN I_TURN_RIGHT I_RUN,I_TURN_RIGHT I_TURN_RIGHT I_RUN I_TURN_RIGHT I_RUN I_TURN_RIGHT I_RUN I_TURN_RIGHT I_RUN I_TUR,REPETITION,template_split,SYNTACTIC
224,jump twice after look around right,I_TURN_RIGHT I_LOOK I_TURN_RIGHT I_LOOK I_TURN_RIGHT I_LOOK I_TURN_RIGHT I_LOOK I_JUMP I_JUMP,I_TURN_RIGHT I_LOOK I_TURN_RIGHT I_LOOK I_TURN_RIGHT I_LOOK I_TURN_RIGHT I_LOOK I_JUMP I_JUMP I,REPETITION,template_split,SYNTACTIC
225,jump and look around right,I_JUMP I_TURN_RIGHT I_LOOK I_TURN_RIGHT I_LOOK I_TURN_RIGHT I_LOOK I_TURN_RIGHT I_LOOK,I_JUMP I_TURN_RIGHT I_LOOK I_TURN_RIGHT I_LOOK I_TURN_RIGHT I_LOOK I_TURN_RIGHT I_LOOK I_TURN_,REPETITION,template_split,SYNTACTIC
227,turn left and run around right,I_TURN_LEFT I_TURN_RIGHT I_RUN I_TURN_RIGHT I_RUN I_TURN_RIGHT I_RUN I_TURN_RIGHT I_RUN,I_TURN_LEFT I_TURN_RIGHT I_RUN I_TURN_RIGHT I_RUN I_TURN_RIGHT I_RUN I_TURN_RIGHT I_RUN I_,REPETITION,template_split,SYNTACTIC
228,run twice after run around right,I_TURN_RIGHT I_RUN I_TURN_RIGHT I_RUN I_TURN_RIGHT I_RUN I_TURN_RIGHT I_RUN I_RUN I_RUN,I_TURN_RIGHT I_RUN I_TURN_RIGHT I_RUN I_TURN_RIGHT I_RUN I_TURN_RIGHT I_RUN I_RUN I_RUN I,REPETITION,template_split,SYNTACTIC
229,look around right and look twice,I_TURN_RIGHT I_LOOK I_TURN_RIGHT I_LOOK I_TURN_RIGHT I_LOOK I_TURN_RIGHT I_LOOK I_LOOK I_LOOK,I_TURN_RIGHT I_LOOK I_TURN_RIGHT I_LOOK I_TURN_RIGHT I_LOOK I_TURN_RIGHT I_LOOK I_LOOK I_LOOK I,REPETITION,template_split,SYNTACTIC
231,walk around right and jump twice,I_TURN_RIGHT I_WALK I_TURN_RIGHT I_WALK I_TURN_RIGHT I_WALK I_TURN_RIGHT I_WALK I_JUMP I_JUMP,I_TURN_RIGHT I_WALK I_TURN_RIGHT I_WALK I_TURN_RIGHT I_WALK I_TURN_RIGHT I_WALK I_JUMP I_JUMP I,REPETITION,template_split,SYNTACTIC
232,run around right after run,I_RUN I_TURN_RIGHT I_RUN I_TURN_RIGHT I_RUN I_TURN_RIGHT I_RUN I_TURN_RIGHT I_RUN,I_RUN I_TURN_RIGHT I_RUN I_TURN_RIGHT I_RUN I_TURN_RIGHT I_RUN I_TURN_RIGHT I_RUN I_TURN_,REPETITION,template_split,SYNTACTIC
233,turn left and walk around right,I_TURN_LEFT I_TURN_RIGHT I_WALK I_TURN_RIGHT I_WALK I_TURN_RIGHT I_WALK I_TURN_RIGHT I_WALK,I_TURN_LEFT I_TURN_RIGHT I_WALK I_TURN_RIGHT I_WALK I_TURN_RIGHT I_WALK I_TURN_RIGHT I_WALK I_,REPETITION,template_split,SYNTACTIC
234,run around right and walk twice,I_TURN_RIGHT I_RUN I_TURN_RIGHT I_RUN I_TURN_RIGHT I_RUN I_TURN_RIGHT I_RUN I_WALK I_WALK,I_TURN_RIGHT I_RUN I_TURN_RIGHT I_RUN I_TURN_RIGHT I_RUN I_TURN_RIGHT I_RUN I_WALK I_WALK I,REPETITION,template_split,SYNTACTIC
235,turn right and walk around right,I_TURN_RIGHT I_TURN_RIGHT I_WALK I_TURN_RIGHT I_WALK I_TURN_RIGHT I_WALK I_TURN_RIGHT I_WALK,I_TURN_RIGHT I_TURN_RIGHT I_WALK I_TURN_RIGHT I_WALK I_TURN_RIGHT I_WALK I_TURN_RIGHT I_WALK I_TUR,REPETITION,template_split,SYNTACTIC
236,run twice after look around right,I_TURN_RIGHT I_LOOK I_TURN_RIGHT I_LOOK I_TURN_RIGHT I_LOOK I_TURN_RIGHT I_LOOK I_RUN I_RUN,I_TURN_RIGHT I_LOOK I_TURN_RIGHT I_LOOK I_TURN_RIGHT I_LOOK I_TURN_RIGHT I_LOOK I_RUN I_RUN I,REPETITION,template_split,SYNTACTIC
237,turn left and jump around right,I_TURN_LEFT I_TURN_RIGHT I_JUMP I_TURN_RIGHT I_JUMP I_TURN_RIGHT I_JUMP I_TURN_RIGHT I_JUMP,I_TURN_LEFT I_TURN_RIGHT I_JUMP I_TURN_RIGHT I_JUMP I_TURN_RIGHT I_JUMP I_TURN_RIGHT I_JUMP I_,REPETITION,template_split,SYNTACTIC
238,jump twice after jump around right,I_TURN_RIGHT I_JUMP I_TURN_RIGHT I_JUMP I_TURN_RIGHT I_JUMP I_TURN_RIGHT I_JUMP I_JUMP I_JUMP,I_TURN_RIGHT I_JUMP I_TURN_RIGHT I_JUMP I_TURN_RIGHT I_JUMP I_TURN_RIGHT I_JUMP I_JUMP I_JUMP I,REPETITION,template_split,SYNTACTIC
239,walk twice after look around right,I_TURN_RIGHT I_LOOK I_TURN_RIGHT I_LOOK I_TURN_RIGHT I_LOOK I_TURN_RIGHT I_LOOK I_WALK I_WALK,I_TURN_RIGHT I_LOOK I_TURN_RIGHT I_LOOK I_TURN_RIGHT I_LOOK I_TURN_RIGHT I_LOOK I_WALK I_WALK I,REPETITION,template_split,SYNTACTIC
240,turn right and look around right,I_TURN_RIGHT I_TURN_RIGHT I_LOOK I_TURN_RIGHT I_LOOK I_TURN_RIGHT I_LOOK I_TURN_RIGHT I_LOOK,I_TURN_RIGHT I_TURN_RIGHT I_LOOK I_TURN_RIGHT I_LOOK I_TURN_RIGHT I_LOOK I_TURN_RIGHT I_LOOK I_TUR,REPETITION,template_split,SYNTACTIC
241,look around right after walk,I_WALK I_TURN_RIGHT I_LOOK I_TURN_RIGHT I_LOOK I_TURN_RIGHT I_LOOK I_TURN_RIGHT I_LOOK,I_WALK I_TURN_RIGHT I_LOOK I_TURN_RIGHT I_LOOK I_TURN_RIGHT I_LOOK I_TURN_RIGHT I_LOOK I_TURN_,REPETITION,template_split,SYNTACTIC
242,look and look around right,I_LOOK I_TURN_RIGHT I_LOOK I_TURN_RIGHT I_LOOK I_TURN_RIGHT I_LOOK I_TURN_RIGHT I_LOOK,I_LOOK I_TURN_RIGHT I_LOOK I_TURN_RIGHT I_LOOK I_TURN_RIGHT I_LOOK I_TURN_RIGHT I_LOOK I_TURN_,REPETITION,template_split,SYNTACTIC
243,look around right after jump,I_JUMP I_TURN_RIGHT I_LOOK I_TURN_RIGHT I_LOOK I_TURN_RIGHT I_LOOK I_TURN_RIGHT I_LOOK,I_JUMP I_TURN_RIGHT I_LOOK I_TURN_RIGHT I_LOOK I_TURN_RIGHT I_LOOK I_TURN_RIGHT I_LOOK I_TURN_,REPETITION,template_split,SYNTACTIC
245,walk around right and turn right,I_TURN_RIGHT I_WALK I_TURN_RIGHT I_WALK I_TURN_RIGHT I_WALK I_TURN_RIGHT I_WALK I_TURN_RIGHT,I_TURN_RIGHT I_WALK I_TURN_RIGHT I_WALK I_TURN_RIGHT I_WALK I_TURN_RIGHT I_WALK I_TURN_RIGHT I_TUR,REPETITION,template_split,SYNTACTIC
247,jump and jump around right,I_JUMP I_TURN_RIGHT I_JUMP I_TURN_RIGHT I_JUMP I_TURN_RIGHT I_JUMP I_TURN_RIGHT I_JUMP,I_JUMP I_TURN_RIGHT I_JUMP I_TURN_RIGHT I_JUMP I_TURN_RIGHT I_JUMP I_TURN_RIGHT I_JUMP I_TURN_,REPETITION,template_split,SYNTACTIC
248,run around right and run twice,I_TURN_RIGHT I_RUN I_TURN_RIGHT I_RUN I_TURN_RIGHT I_RUN I_TURN_RIGHT I_RUN I_RUN I_RUN,I_TURN_RIGHT I_RUN I_TURN_RIGHT I_RUN I_TURN_RIGHT I_RUN I_TURN_RIGHT I_RUN I_RUN I_RUN I,REPETITION,template_split,SYNTACTIC
249,look around right and run twice,I_TURN_RIGHT I_LOOK I_TURN_RIGHT I_LOOK I_TURN_RIGHT I_LOOK I_TURN_RIGHT I_LOOK I_RUN I_RUN,I_TURN_RIGHT I_LOOK I_TURN_RIGHT I_LOOK I_TURN_RIGHT I_LOOK I_TURN_RIGHT I_LOOK I_RUN I_RUN I,REPETITION,template_split,SYNTACTIC
250,run and jump around right,I_RUN I_TURN_RIGHT I_JUMP I_TURN_RIGHT I_JUMP I_TURN_RIGHT I_JUMP I_TURN_RIGHT I_JUMP,I_RUN I_TURN_RIGHT I_JUMP I_TURN_RIGHT I_JUMP I_TURN_RIGHT I_JUMP I_TURN_RIGHT I_JUMP I_TURN_,REPETITION,template_split,SYNTACTIC
251,run around right after turn left,I_TURN_LEFT I_TURN_RIGHT I_RUN I_TURN_RIGHT I_RUN I_TURN_RIGHT I_RUN I_TURN_RIGHT I_RUN,I_TURN_LEFT I_TURN_RIGHT I_RUN I_TURN_RIGHT I_RUN I_TURN_RIGHT I_RUN I_TURN_RIGHT I_RUN I_,REPETITION,template_split,SYNTACTIC
252,run and look around right,I_RUN I_TURN_RIGHT I_LOOK I_TURN_RIGHT I_LOOK I_TURN_RIGHT I_LOOK I_TURN_RIGHT I_LOOK,I_RUN I_TURN_RIGHT I_LOOK I_TURN_RIGHT I_LOOK I_TURN_RIGHT I_LOOK I_TURN_RIGHT I_LOOK I_TURN_,REPETITION,template_split,SYNTACTIC
253,jump and walk around right,I_JUMP I_TURN_RIGHT I_WALK I_TURN_RIGHT I_WALK I_TURN_RIGHT I_WALK I_TURN_RIGHT I_WALK,I_JUMP I_TURN_RIGHT I_WALK I_TURN_RIGHT I_WALK I_TURN_RIGHT I_WALK I_TURN_RIGHT I_WALK I_TURN_,REPETITION,template_split,SYNTACTIC
254,jump and run around right,I_JUMP I_TURN_RIGHT I_RUN I_TURN_RIGHT I_RUN I_TURN_RIGHT I_RUN I_TURN_RIGHT I_RUN,I_JUMP I_TURN_RIGHT I_RUN I_TURN_RIGHT I_RUN I_TURN_RIGHT I_RUN I_TURN_RIGHT I_RUN I_TURN_,REPETITION,template_split,SYNTACTIC
256,run around right and jump twice,I_TURN_RIGHT I_RUN I_TURN_RIGHT I_RUN I_TURN_RIGHT I_RUN I_TURN_RIGHT I_RUN I_JUMP I_JUMP,I_TURN_RIGHT I_RUN I_TURN_RIGHT I_RUN I_TURN_RIGHT I_RUN I_TURN_RIGHT I_RUN I_JUMP I_JUMP I,REPETITION,template_split,SYNTACTIC
257,run twice after walk around right,I_TURN_RIGHT I_WALK I_TURN_RIGHT I_WALK I_TURN_RIGHT I_WALK I_TURN_RIGHT I_WALK I_RUN I_RUN,I_TURN_RIGHT I_WALK I_TURN_RIGHT I_WALK I_TURN_RIGHT I_WALK I_TURN_RIGHT I_WALK I_RUN I_RUN I,REPETITION,template_split,SYNTACTIC
258,look around right after look,I_LOOK I_TURN_RIGHT I_LOOK I_TURN_RIGHT I_LOOK I_TURN_RIGHT I_LOOK I_TURN_RIGHT I_LOOK,I_LOOK I_TURN_RIGHT I_LOOK I_TURN_RIGHT I_LOOK I_TURN_RIGHT I_LOOK I_TURN_RIGHT I_LOOK I_TURN_,REPETITION,template_split,SYNTACTIC
259,walk around right,I_TURN_RIGHT I_WALK I_TURN_RIGHT I_WALK I_TURN_RIGHT I_WALK I_TURN_RIGHT I_WALK,I_TURN_RIGHT I_WALK I_TURN_RIGHT I_WALK I_TURN_RIGHT I_WALK I_TURN_RIGHT I_WALK I_TURN_RIGHT I_WA,REPETITION,template_split,SYNTACTIC
260,walk around right after turn left,I_TURN_LEFT I_TURN_RIGHT I_WALK I_TURN_RIGHT I_WALK I_TURN_RIGHT I_WALK I_TURN_RIGHT I_WALK,I_TURN_LEFT I_TURN_RIGHT I_WALK I_TURN_RIGHT I_WALK I_TURN_RIGHT I_WALK I_TURN_RIGHT I_WALK I_,REPETITION,template_split,SYNTACTIC
262,walk around right and look twice,I_TURN_RIGHT I_WALK I_TURN_RIGHT I_WALK I_TURN_RIGHT I_WALK I_TURN_RIGHT I_WALK I_LOOK I_LOOK,I_TURN_RIGHT I_WALK I_TURN_RIGHT I_WALK I_TURN_RIGHT I_WALK I_TURN_RIGHT I_WALK I_LOOK I_LOOK I,REPETITION,template_split,SYNTACTIC
263,run around right after jump,I_JUMP I_TURN_RIGHT I_RUN I_TURN_RIGHT I_RUN I_TURN_RIGHT I_RUN I_TURN_RIGHT I_RUN,I_JUMP I_TURN_RIGHT I_RUN I_TURN_RIGHT I_RUN I_TURN_RIGHT I_RUN I_TURN_RIGHT I_RUN I_TURN_,REPETITION,template_split,SYNTACTIC
265,walk around right and run twice,I_TURN_RIGHT I_WALK I_TURN_RIGHT I_WALK I_TURN_RIGHT I_WALK I_TURN_RIGHT I_WALK I_RUN I_RUN,I_TURN_RIGHT I_WALK I_TURN_RIGHT I_WALK I_TURN_RIGHT I_WALK I_TURN_RIGHT I_WALK I_RUN I_RUN I,REPETITION,template_split,SYNTACTIC
266,jump around right and walk twice,I_TURN_RIGHT I_JUMP I_TURN_RIGHT I_JUMP I_TURN_RIGHT I_JUMP I_TURN_RIGHT I_JUMP I_WALK I_WALK,I_TURN_RIGHT I_JUMP I_TURN_RIGHT I_JUMP I_TURN_RIGHT I_JUMP I_TURN_RIGHT I_JUMP I_WALK I_WALK I,REPETITION,template_split,SYNTACTIC
270,walk around right and walk twice,I_TURN_RIGHT I_WALK I_TURN_RIGHT I_WALK I_TURN_RIGHT I_WALK I_TURN_RIGHT I_WALK I_WALK I_WALK,I_TURN_RIGHT I_WALK I_TURN_RIGHT I_WALK I_TURN_RIGHT I_WALK I_TURN_RIGHT I_WALK I_WALK I_WALK I,REPETITION,template_split,SYNTACTIC
271,look around right and turn right,I_TURN_RIGHT I_LOOK I_TURN_RIGHT I_LOOK I_TURN_RIGHT I_LOOK I_TURN_RIGHT I_LOOK I_TURN_RIGHT,I_TURN_RIGHT I_LOOK I_TURN_RIGHT I_LOOK I_TURN_RIGHT I_LOOK I_TURN_RIGHT I_LOOK I_TURN_RIGHT I_TUR,REPETITION,template_split,SYNTACTIC
273,walk twice after walk around right,I_TURN_RIGHT I_WALK I_TURN_RIGHT I_WALK I_TURN_RIGHT I_WALK I_TURN_RIGHT I_WALK I_WALK I_WALK,I_TURN_RIGHT I_WALK I_TURN_RIGHT I_WALK I_TURN_RIGHT I_WALK I_TURN_RIGHT I_WALK I_WALK I_WALK I,REPETITION,template_split,SYNTACTIC
274,look around right,I_TURN_RIGHT I_LOOK I_TURN_RIGHT I_LOOK I_TURN_RIGHT I_LOOK I_TURN_RIGHT I_LOOK,I_TURN_RIGHT I_LOOK I_TURN_RIGHT I_LOOK I_TURN_RIGHT I_LOOK I_TURN_RIGHT I_LOOK I_TURN_RIGHT I_LO,REPETITION,template_split,SYNTACTIC
275,jump twice after run around right,I_TURN_RIGHT I_RUN I_TURN_RIGHT I_RUN I_TURN_RIGHT I_RUN I_TURN_RIGHT I_RUN I_JUMP I_JUMP,I_TURN_RIGHT I_RUN I_TURN_RIGHT I_RUN I_TURN_RIGHT I_RUN I_TURN_RIGHT I_RUN I_JUMP I_JUMP I,REPETITION,template_split,SYNTACTIC
276,jump around right and look twice,I_TURN_RIGHT I_JUMP I_TURN_RIGHT I_JUMP I_TURN_RIGHT I_JUMP I_TURN_RIGHT I_JUMP I_LOOK I_LOOK,I_TURN_RIGHT I_JUMP I_TURN_RIGHT I_JUMP I_TURN_RIGHT I_JUMP I_TURN_RIGHT I_JUMP I_LOOK I_LOOK I,REPETITION,template_split,SYNTACTIC
277,run around right,I_TURN_RIGHT I_RUN I_TURN_RIGHT I_RUN I_TURN_RIGHT I_RUN I_TURN_RIGHT I_RUN,I_TURN_RIGHT I_RUN I_TURN_RIGHT I_RUN I_TURN_RIGHT I_RUN I_TURN_RIGHT I_RUN I_TURN_RIGHT I_R,REPETITION,template_split,SYNTACTIC
279,walk twice after run around right,I_TURN_RIGHT I_RUN I_TURN_RIGHT I_RUN I_TURN_RIGHT I_RUN I_TURN_RIGHT I_RUN I_WALK I_WALK,I_TURN_RIGHT I_RUN I_TURN_RIGHT I_RUN I_TURN_RIGHT I_RUN I_TURN_RIGHT I_RUN I_WALK I_WALK I,REPETITION,template_split,SYNTACTIC
280,run and run around right,I_RUN I_TURN_RIGHT I_RUN I_TURN_RIGHT I_RUN I_TURN_RIGHT I_RUN I_TURN_RIGHT I_RUN,I_RUN I_TURN_RIGHT I_RUN I_TURN_RIGHT I_RUN I_TURN_RIGHT I_RUN I_TURN_RIGHT I_RUN I_TURN_,REPETITION,template_split,SYNTACTIC
281,jump around right and jump twice,I_TURN_RIGHT I_JUMP I_TURN_RIGHT I_JUMP I_TURN_RIGHT I_JUMP I_TURN_RIGHT I_JUMP I_JUMP I_JUMP,I_TURN_RIGHT I_JUMP I_TURN_RIGHT I_JUMP I_TURN_RIGHT I_JUMP I_TURN_RIGHT I_JUMP I_JUMP I_JUMP I,REPETITION,template_split,SYNTACTIC
282,run twice after jump around right,I_TURN_RIGHT I_JUMP I_TURN_RIGHT I_JUMP I_TURN_RIGHT I_JUMP I_TURN_RIGHT I_JUMP I_RUN I_RUN,I_TURN_RIGHT I_JUMP I_TURN_RIGHT I_JUMP I_TURN_RIGHT I_JUMP I_TURN_RIGHT I_JUMP I_RUN I_RUN I,REPETITION,template_split,SYNTACTIC
284,jump around right and run twice,I_TURN_RIGHT I_JUMP I_TURN_RIGHT I_JUMP I_TURN_RIGHT I_JUMP I_TURN_RIGHT I_JUMP I_RUN I_RUN,I_TURN_RIGHT I_JUMP I_TURN_RIGHT I_JUMP I_TURN_RIGHT I_JUMP I_TURN_RIGHT I_JUMP I_RUN I_RUN I,REPETITION,template_split,SYNTACTIC
285,jump around right after turn left,I_TURN_LEFT I_TURN_RIGHT I_JUMP I_TURN_RIGHT I_JUMP I_TURN_RIGHT I_JUMP I_TURN_RIGHT I_JUMP,I_TURN_LEFT I_TURN_RIGHT I_JUMP I_TURN_RIGHT I_JUMP I_TURN_RIGHT I_JUMP I_TURN_RIGHT I_JUMP I_,REPETITION,template_split,SYNTACTIC
286,run around right and turn right,I_TURN_RIGHT I_RUN I_TURN_RIGHT I_RUN I_TURN_RIGHT I_RUN I_TURN_RIGHT I_RUN I_TURN_RIGHT,I_TURN_RIGHT I_RUN I_TURN_RIGHT I_RUN I_TURN_RIGHT I_RUN I_TURN_RIGHT I_RUN I_TURN_RIGHT I_TUR,REPETITION,template_split,SYNTACTIC
287,look around right and jump twice,I_TURN_RIGHT I_LOOK I_TURN_RIGHT I_LOOK I_TURN_RIGHT I_LOOK I_TURN_RIGHT I_LOOK I_JUMP I_JUMP,I_TURN_RIGHT I_LOOK I_TURN_RIGHT I_LOOK I_TURN_RIGHT I_LOOK I_TURN_RIGHT I_LOOK I_JUMP I_JUMP I,REPETITION,template_split,SYNTACTIC
288,run around right after walk,I_WALK I_TURN_RIGHT I_RUN I_TURN_RIGHT I_RUN I_TURN_RIGHT I_RUN I_TURN_RIGHT I_RUN,I_WALK I_TURN_RIGHT I_RUN I_TURN_RIGHT I_RUN I_TURN_RIGHT I_RUN I_TURN_RIGHT I_RUN I_TURN_,REPETITION,template_split,SYNTACTIC
290,run and walk around right,I_RUN I_TURN_RIGHT I_WALK I_TURN_RIGHT I_WALK I_TURN_RIGHT I_WALK I_TURN_RIGHT I_WALK,I_RUN I_TURN_RIGHT I_WALK I_TURN_RIGHT I_WALK I_TURN_RIGHT I_WALK I_TURN_RIGHT I_WALK I_TURN_,REPETITION,template_split,SYNTACTIC
291,walk and walk around right,I_WALK I_TURN_RIGHT I_WALK I_TURN_RIGHT I_WALK I_TURN_RIGHT I_WALK I_TURN_RIGHT I_WALK,I_WALK I_TURN_RIGHT I_WALK I_TURN_RIGHT I_WALK I_TURN_RIGHT I_WALK I_TURN_RIGHT I_WALK I_TURN_,REPETITION,template_split,SYNTACTIC
292,look around right and walk twice,I_TURN_RIGHT I_LOOK I_TURN_RIGHT I_LOOK I_TURN_RIGHT I_LOOK I_TURN_RIGHT I_LOOK I_WALK I_WALK,I_TURN_RIGHT I_LOOK I_TURN_RIGHT I_LOOK I_TURN_RIGHT I_LOOK I_TURN_RIGHT I_LOOK I_WALK I_WALK I,REPETITION,template_split,SYNTACTIC
293,jump around right after jump,I_JUMP I_TURN_RIGHT I_JUMP I_TURN_RIGHT I_JUMP I_TURN_RIGHT I_JUMP I_TURN_RIGHT I_JUMP,I_JUMP I_TURN_RIGHT I_JUMP I_TURN_RIGHT I_JUMP I_TURN_RIGHT I_JUMP I_TURN_RIGHT I_JUMP I_TURN_,REPETITION,template_split,SYNTACTIC
294,turn right and run around right,I_TURN_RIGHT I_TURN_RIGHT I_RUN I_TURN_RIGHT I_RUN I_TURN_RIGHT I_RUN I_TURN_RIGHT I_RUN,I_TURN_RIGHT I_TURN_RIGHT I_RUN I_TURN_RIGHT I_RUN I_TURN_RIGHT I_RUN I_TURN_RIGHT I_RUN I_TUR,REPETITION,template_split,SYNTACTIC
296,look and walk around right,I_LOOK I_TURN_RIGHT I_WALK I_TURN_RIGHT I_WALK I_TURN_RIGHT I_WALK I_TURN_RIGHT I_WALK,I_LOOK I_TURN_RIGHT I_WALK I_TURN_RIGHT I_WALK I_TURN_RIGHT I_WALK I_TURN_RIGHT I_WALK I_TURN_,REPETITION,template_split,SYNTACTIC
297,jump around right and turn right,I_TURN_RIGHT I_JUMP I_TURN_RIGHT I_JUMP I_TURN_RIGHT I_JUMP I_TURN_RIGHT I_JUMP I_TURN_RIGHT,I_TURN_RIGHT I_JUMP I_TURN_RIGHT I_JUMP I_TURN_RIGHT I_JUMP I_TURN_RIGHT I_JUMP I_TURN_RIGHT I_TUR,REPETITION,template_split,SYNTACTIC
298,look twice after look around right,I_TURN_RIGHT I_LOOK I_TURN_RIGHT I_LOOK I_TURN_RIGHT I_LOOK I_TURN_RIGHT I_LOOK I_LOOK I_LOOK,I_TURN_RIGHT I_LOOK I_TURN_RIGHT I_LOOK I_TURN_RIGHT I_LOOK I_TURN_RIGHT I_LOOK I_LOOK I_LOOK I,REPETITION,template_split,SYNTACTIC
301,turn left and look around right,I_TURN_LEFT I_TURN_RIGHT I_LOOK I_TURN_RIGHT I_LOOK I_TURN_RIGHT I_LOOK I_TURN_RIGHT I_LOOK,I_TURN_LEFT I_TURN_RIGHT I_LOOK I_TURN_RIGHT I_LOOK I_TURN_RIGHT I_LOOK I_TURN_RIGHT I_LOOK I_,REPETITION,template_split,SYNTACTIC
302,run around right after look,I_LOOK I_TURN_RIGHT I_RUN I_TURN_RIGHT I_RUN I_TURN_RIGHT I_RUN I_TURN_RIGHT I_RUN,I_LOOK I_TURN_RIGHT I_RUN I_TURN_RIGHT I_RUN I_TURN_RIGHT I_RUN I_TURN_RIGHT I_RUN I_TURN_,REPETITION,template_split,SYNTACTIC
303,look around right after turn right,I_TURN_RIGHT I_TURN_RIGHT I_LOOK I_TURN_RIGHT I_LOOK I_TURN_RIGHT I_LOOK I_TURN_RIGHT I_LOOK,I_TURN_RIGHT I_TURN_RIGHT I_LOOK I_TURN_RIGHT I_LOOK I_TURN_RIGHT I_LOOK I_TURN_RIGHT I_LOOK I_TUR,REPETITION,template_split,SYNTACTIC
304,walk twice after jump around right,I_TURN_RIGHT I_JUMP I_TURN_RIGHT I_JUMP I_TURN_RIGHT I_JUMP I_TURN_RIGHT I_JUMP I_WALK I_WALK,I_TURN_RIGHT I_JUMP I_TURN_RIGHT I_JUMP I_TURN_RIGHT I_JUMP I_TURN_RIGHT I_JUMP I_WALK I_WALK I,REPETITION,template_split,SYNTACTIC
305,walk and run around right,I_WALK I_TURN_RIGHT I_RUN I_TURN_RIGHT I_RUN I_TURN_RIGHT I_RUN I_TURN_RIGHT I_RUN,I_WALK I_TURN_RIGHT I_RUN I_TURN_RIGHT I_RUN I_TURN_RIGHT I_RUN I_TURN_RIGHT I_RUN I_TURN_,REPETITION,template_split,SYNTACTIC
