input,target,prediction,error_type
turn left twice after jump left thrice,I_TURN_LEFT I_JUMP I_TURN_LEFT I_JUMP I_TURN_LEFT I_JUMP I_TURN_LEFT I_TURN_LEFT,I_TURN_LEFT I_JUMP I_TURN_LEFT I_JUMP I_TURN_LEFT I_JUMP I_TURN_LEFT I_TURN_LEFT I_,REPETITION
run and jump around right,I_RUN I_TURN_RIGHT I_JUMP I_TURN_RIGHT I_JUMP I_TURN_RIGHT I_JUMP I_TURN_RIGHT I_JUMP,I_RUN I_TURN_RIGHT I_JUMP I_TURN_RIGHT I_JUMP I_TURN_RIGHT I_JUMP I_TURN_RIGHT I_JUMP I_TURN_,REPETITION
jump opposite left thrice after turn around left,I_TURN_LEFT I_TURN_LEFT I_TURN_LEFT I_TURN_LEFT I_TURN_LEFT I_TURN_LEFT I_JUMP I_TUR,I_TURN_LEFT I_TURN_LEFT I_TURN_LEFT I_TURN_LEFT I_TURN_LEFT I_JUMP I_TURN_LEFT I_TUR,WRONG ORDER
jump around right thrice after turn opposite right thrice,I_TURN_RIGHT I_TURN_RIGHT I_TURN_RIGHT I_TURN_RIGHT I_TURN_RIGHT I_TURN_RIGHT I_TURN_RIGHT I_JUMP I_TUR,I_TURN_RIGHT I_TURN_RIGHT I_TURN_RIGHT I_TURN_RIGHT I_TURN_RIGHT I_TURN_RIGHT I_TURN_RIGHT I_TURN_RIGHT I,WRONG ACTION
look around right and jump twice,I_TURN_RIGHT I_LOOK I_TURN_RIGHT I_LOOK I_TURN_RIGHT I_LOOK I_TURN_RIGHT I_LOOK I_JUMP I_JUMP,I_TURN_RIGHT I_LOOK I_TURN_RIGHT I_LOOK I_TURN_RIGHT I_LOOK I_TURN_RIGHT I_LOOK I_JUMP I_JUMP I,REPETITION
jump twice and turn opposite right thrice,I_JUMP I_JUMP I_TURN_RIGHT I_TURN_RIGHT I_TURN_RIGHT I_TURN_RIGHT I_TURN_RIGHT I_TURN_RIGHT,I_JUMP I_JUMP I_TURN_RIGHT I_TURN_RIGHT I_TURN_RIGHT I_TURN_RIGHT I_TURN_RIGHT I_TURN_RIGHT I_TURN_,REPETITION
turn opposite left twice and jump left,I_TURN_LEFT I_TURN_LEFT I_TURN_LEFT I_TURN_LEFT I_TURN_LEFT I_JUMP,I_TURN_LEFT I_TURN_LEFT I_TURN_LEFT I_TURN_LEFT I_TURN_LEFT I_TURN_LEFT I_JUMP,REPETITION
jump thrice after turn opposite left thrice,I_TURN_LEFT I_TURN_LEFT I_TURN_LEFT I_TURN_LEFT I_TURN_LEFT I_TURN_LEFT I_JUMP I_J,I_TURN_LEFT I_TURN_LEFT I_TURN_LEFT I_TURN_LEFT I_TURN_LEFT I_TURN_LEFT I_TURN_LEFT,INCOMPLETE
turn around right after jump right twice,I_TURN_RIGHT I_JUMP I_TURN_RIGHT I_JUMP I_TURN_RIGHT I_TURN_RIGHT I_TURN_RIGHT I_TURN_RIGHT,I_TURN_RIGHT I_JUMP I_TURN_RIGHT I_JUMP I_TURN_RIGHT I_TURN_RIGHT I_TURN_RIGHT I_TURN_RIGHT I_TURN_,REPETITION
jump left thrice and turn left twice,I_TURN_LEFT I_JUMP I_TURN_LEFT I_JUMP I_TURN_LEFT I_JUMP I_TURN_LEFT I_TURN_LEFT,I_TURN_LEFT I_JUMP I_TURN_LEFT I_JUMP I_TURN_LEFT I_JUMP I_TURN_LEFT I_TURN_LEFT I_,REPETITION
jump left and turn opposite right thrice,I_TURN_LEFT I_JUMP I_TURN_RIGHT I_TURN_RIGHT I_TURN_RIGHT I_TURN_RIGHT I_TURN_RIGHT I_TURN_RIGHT,I_TURN_LEFT I_JUMP I_TURN_RIGHT I_TURN_RIGHT I_TURN_RIGHT I_TURN_RIGHT I_TURN_RIGHT I_TURN_RIGHT I_,REPETITION
jump around right twice after turn opposite right thrice,I_TURN_RIGHT I_TURN_RIGHT I_TURN_RIGHT I_TURN_RIGHT I_TURN_RIGHT I_TURN_RIGHT I_TURN_RIGHT I_JUMP I_TUR,I_TURN_RIGHT I_TURN_RIGHT I_TURN_RIGHT I_TURN_RIGHT I_TURN_RIGHT I_TURN_RIGHT I_TURN_RIGHT I_TURN_RIGHT I,WRONG ACTION
jump thrice after turn left thrice,I_TURN_LEFT I_TURN_LEFT I_TURN_LEFT I_JUMP I_JUMP I_JUMP,I_TURN_LEFT I_TURN_LEFT I_TURN_LEFT I_TURN_LEFT I_JUMP I_JUMP I_JUMP,REPETITION
run twice after jump around right,I_TURN_RIGHT I_JUMP I_TURN_RIGHT I_JUMP I_TURN_RIGHT I_JUMP I_TURN_RIGHT I_JUMP I_RUN I_RUN,I_TURN_RIGHT I_JUMP I_TURN_RIGHT I_JUMP I_TURN_RIGHT I_JUMP I_TURN_RIGHT I_JUMP I_RUN I_RUN I,REPETITION
turn opposite left thrice and jump twice,I_TURN_LEFT I_TURN_LEFT I_TURN_LEFT I_TURN_LEFT I_TURN_LEFT I_TURN_LEFT I_JUMP I_J,I_TURN_LEFT I_TURN_LEFT I_TURN_LEFT I_TURN_LEFT I_TURN_LEFT I_TURN_LEFT I_TURN_LEFT,INCOMPLETE
jump thrice after turn opposite left twice,I_TURN_LEFT I_TURN_LEFT I_TURN_LEFT I_TURN_LEFT I_JUMP I_JUMP I_JUMP,I_TURN_LEFT I_TURN_LEFT I_TURN_LEFT I_TURN_LEFT I_TURN_LEFT I_JUMP I_JUMP I_JUMP,REPETITION
jump twice after turn opposite left thrice,I_TURN_LEFT I_TURN_LEFT I_TURN_LEFT I_TURN_LEFT I_TURN_LEFT I_TURN_LEFT I_JUMP I_J,I_TURN_LEFT I_TURN_LEFT I_TURN_LEFT I_TURN_LEFT I_TURN_LEFT I_TURN_LEFT I_TURN_LEFT,INCOMPLETE
jump right after turn opposite right thrice,I_TURN_RIGHT I_TURN_RIGHT I_TURN_RIGHT I_TURN_RIGHT I_TURN_RIGHT I_TURN_RIGHT I_TURN_RIGHT I_JUMP,I_TURN_RIGHT I_TURN_RIGHT I_TURN_RIGHT I_TURN_RIGHT I_TURN_RIGHT I_TURN_RIGHT I_TURN_RIGHT I_TURN_RIGHT I,WRONG ACTION
turn opposite left twice after jump thrice,I_JUMP I_JUMP I_JUMP I_TURN_LEFT I_TURN_LEFT I_TURN_LEFT I_TURN_LEFT,I_JUMP I_JUMP I_JUMP I_TURN_LEFT I_TURN_LEFT I_TURN_LEFT I_TURN_LEFT I_TURN_LEFT,REPETITION
jump right and turn opposite right thrice,I_TURN_RIGHT I_JUMP I_TURN_RIGHT I_TURN_RIGHT I_TURN_RIGHT I_TURN_RIGHT I_TURN_RIGHT I_TURN_RIGHT,I_TURN_RIGHT I_JUMP I_TURN_RIGHT I_TURN_RIGHT I_TURN_RIGHT I_TURN_RIGHT I_TURN_RIGHT I_TURN_RIGHT I_TUR,REPETITION
turn opposite left thrice and jump,I_TURN_LEFT I_TURN_LEFT I_TURN_LEFT I_TURN_LEFT I_TURN_LEFT I_TURN_LEFT I_JUMP,I_TURN_LEFT I_TURN_LEFT I_TURN_LEFT I_TURN_LEFT I_TURN_LEFT I_TURN_LEFT I_TURN_LEFT,WRONG ACTION
turn opposite right thrice and jump right,I_TURN_RIGHT I_TURN_RIGHT I_TURN_RIGHT I_TURN_RIGHT I_TURN_RIGHT I_TURN_RIGHT I_TURN_RIGHT I_JUMP,I_TURN_RIGHT I_TURN_RIGHT I_TURN_RIGHT I_TURN_RIGHT I_TURN_RIGHT I_TURN_RIGHT I_TURN_RIGHT I_TURN_RIGHT I,WRONG ACTION
turn around right after jump opposite left,I_TURN_LEFT I_TURN_LEFT I_JUMP I_TURN_RIGHT I_TURN_RIGHT I_TURN_RIGHT I_TURN_RIGHT,I_TURN_LEFT I_TURN_LEFT I_JUMP I_TURN_RIGHT I_TURN_RIGHT I_TURN_RIGHT I_TURN_RIGHT I_TURN_RIGHT,REPETITION
turn opposite right thrice after jump twice,I_JUMP I_JUMP I_TURN_RIGHT I_TURN_RIGHT I_TURN_RIGHT I_TURN_RIGHT I_TURN_RIGHT I_TURN_RIGHT,I_JUMP I_JUMP I_TURN_RIGHT I_TURN_RIGHT I_TURN_RIGHT I_TURN_RIGHT I_TURN_RIGHT I_TURN_RIGHT I_TURN_,REPETITION
jump and run around right,I_JUMP I_TURN_RIGHT I_RUN I_TURN_RIGHT I_RUN I_TURN_RIGHT I_RUN I_TURN_RIGHT I_RUN,I_JUMP I_TURN_RIGHT I_RUN I_TURN_RIGHT I_RUN I_TURN_RIGHT I_RUN I_TURN_RIGHT I_RUN I_TURN_,REPETITION
jump opposite left after turn opposite left twice,I_TURN_LEFT I_TURN_LEFT I_TURN_LEFT I_TURN_LEFT I_TURN_LEFT I_TURN_LEFT I_JUMP,I_TURN_LEFT I_TURN_LEFT I_TURN_LEFT I_TURN_LEFT I_TURN_LEFT I_TURN_LEFT I_TURN_LEFT,WRONG ACTION
turn opposite right thrice and jump right twice,I_TURN_RIGHT I_TURN_RIGHT I_TURN_RIGHT I_TURN_RIGHT I_TURN_RIGHT I_TURN_RIGHT I_TURN_RIGHT I_JUMP I_TUR,I_TURN_RIGHT I_TURN_RIGHT I_TURN_RIGHT I_TURN_RIGHT I_TURN_RIGHT I_TURN_RIGHT I_TURN_RIGHT I_TURN_RIGHT I,WRONG ACTION
jump thrice and jump thrice,I_JUMP I_JUMP I_JUMP I_JUMP I_JUMP I_JUMP,I_JUMP I_JUMP I_JUMP I_JUMP I_JUMP I_JUMP I_JUMP,REPETITION
turn opposite left thrice and jump thrice,I_TURN_LEFT I_TURN_LEFT I_TURN_LEFT I_TURN_LEFT I_TURN_LEFT I_TURN_LEFT I_JUMP I_J,I_TURN_LEFT I_TURN_LEFT I_TURN_LEFT I_TURN_LEFT I_TURN_LEFT I_TURN_LEFT I_TURN_LEFT,INCOMPLETE
look around right after jump,I_JUMP I_TURN_RIGHT I_LOOK I_TURN_RIGHT I_LOOK I_TURN_RIGHT I_LOOK I_TURN_RIGHT I_LOOK,I_JUMP I_TURN_RIGHT I_LOOK I_TURN_RIGHT I_LOOK I_TURN_RIGHT I_LOOK I_TURN_RIGHT I_LOOK I_TURN_,REPETITION
jump around right after turn opposite right thrice,I_TURN_RIGHT I_TURN_RIGHT I_TURN_RIGHT I_TURN_RIGHT I_TURN_RIGHT I_TURN_RIGHT I_TURN_RIGHT I_JUMP I_TUR,I_TURN_RIGHT I_TURN_RIGHT I_TURN_RIGHT I_TURN_RIGHT I_TURN_RIGHT I_TURN_RIGHT I_TURN_RIGHT I_TURN_RIGHT I,WRONG ACTION
jump and turn opposite right thrice,I_JUMP I_TURN_RIGHT I_TURN_RIGHT I_TURN_RIGHT I_TURN_RIGHT I_TURN_RIGHT I_TURN_RIGHT,I_JUMP I_TURN_RIGHT I_TURN_RIGHT I_TURN_RIGHT I_TURN_RIGHT I_TURN_RIGHT I_TURN_RIGHT I_TURN_RIGHT,REPETITION
jump around left after turn opposite right thrice,I_TURN_RIGHT I_TURN_RIGHT I_TURN_RIGHT I_TURN_RIGHT I_TURN_RIGHT I_TURN_RIGHT I_TURN_LEFT I_JUMP I_,I_TURN_RIGHT I_TURN_RIGHT I_TURN_RIGHT I_TURN_RIGHT I_TURN_RIGHT I_TURN_RIGHT I_TURN_RIGHT I_TURN_LEFT,INCOMPLETE
jump right twice and turn opposite right twice,I_TURN_RIGHT I_JUMP I_TURN_RIGHT I_JUMP I_TURN_RIGHT I_TURN_RIGHT I_TURN_RIGHT I_TURN_RIGHT,I_TURN_RIGHT I_JUMP I_TURN_RIGHT I_JUMP I_TURN_RIGHT I_TURN_RIGHT I_TURN_RIGHT I_TURN_RIGHT I_TURN_,REPETITION
walk twice after jump around right,I_TURN_RIGHT I_JUMP I_TURN_RIGHT I_JUMP I_TURN_RIGHT I_JUMP I_TURN_RIGHT I_JUMP I_WALK I_WALK,I_TURN_RIGHT I_JUMP I_TURN_RIGHT I_JUMP I_TURN_RIGHT I_JUMP I_TURN_RIGHT I_JUMP I_WALK I_WALK I,REPETITION
jump twice after jump around right,I_TURN_RIGHT I_JUMP I_TURN_RIGHT I_JUMP I_TURN_RIGHT I_JUMP I_TURN_RIGHT I_JUMP I_JUMP I_JUMP,I_TURN_RIGHT I_JUMP I_TURN_RIGHT I_JUMP I_TURN_RIGHT I_JUMP I_TURN_RIGHT I_JUMP I_JUMP I_JUMP I,REPETITION
turn opposite right thrice after jump right,I_TURN_RIGHT I_JUMP I_TURN_RIGHT I_TURN_RIGHT I_TURN_RIGHT I_TURN_RIGHT I_TURN_RIGHT I_TURN_RIGHT,I_TURN_RIGHT I_JUMP I_TURN_RIGHT I_TURN_RIGHT I_TURN_RIGHT I_TURN_RIGHT I_TURN_RIGHT I_TURN_RIGHT I_TUR,REPETITION
walk around right and jump twice,I_TURN_RIGHT I_WALK I_TURN_RIGHT I_WALK I_TURN_RIGHT I_WALK I_TURN_RIGHT I_WALK I_JUMP I_JUMP,I_TURN_RIGHT I_WALK I_TURN_RIGHT I_WALK I_TURN_RIGHT I_WALK I_TURN_RIGHT I_WALK I_JUMP I_JUMP I,REPETITION
turn opposite right thrice after jump,I_JUMP I_TURN_RIGHT I_TURN_RIGHT I_TURN_RIGHT I_TURN_RIGHT I_TURN_RIGHT I_TURN_RIGHT,I_JUMP I_TURN_RIGHT I_TURN_RIGHT I_TURN_RIGHT I_TURN_RIGHT I_TURN_RIGHT I_TURN_RIGHT I_TURN_RIGHT,REPETITION
jump opposite right thrice,I_TURN_RIGHT I_TURN_RIGHT I_JUMP I_TURN_RIGHT I_TURN_RIGHT I_JUMP I_TURN_RIGHT I_TURN_RIGHT I_JUMP,I_TURN_RIGHT I_TURN_RIGHT I_JUMP I_TURN_RIGHT I_TURN_RIGHT I_JUMP I_TURN_RIGHT I_TURN_RIGHT I_JUMP I,REPETITION
jump thrice,I_JUMP I_JUMP I_JUMP,I_JUMP I_JUMP I_JUMP I_JUMP,REPETITION
jump twice after run around right,I_TURN_RIGHT I_RUN I_TURN_RIGHT I_RUN I_TURN_RIGHT I_RUN I_TURN_RIGHT I_RUN I_JUMP I_JUMP,I_TURN_RIGHT I_RUN I_TURN_RIGHT I_RUN I_TURN_RIGHT I_RUN I_TURN_RIGHT I_RUN I_JUMP I_JUMP I,REPETITION
turn opposite right twice after jump right twice,I_TURN_RIGHT I_JUMP I_TURN_RIGHT I_JUMP I_TURN_RIGHT I_TURN_RIGHT I_TURN_RIGHT I_TURN_RIGHT,I_TURN_RIGHT I_JUMP I_TURN_RIGHT I_JUMP I_TURN_RIGHT I_TURN_RIGHT I_TURN_RIGHT I_TURN_RIGHT I_TURN_,REPETITION
jump left twice and turn around right,I_TURN_LEFT I_JUMP I_TURN_LEFT I_JUMP I_TURN_RIGHT I_TURN_RIGHT I_TURN_RIGHT I_TURN_RIGHT,I_TURN_LEFT I_JUMP I_TURN_LEFT I_JUMP I_TURN_RIGHT I_TURN_RIGHT I_TURN_RIGHT I_TURN_RIGHT I_TUR,REPETITION
jump around left,I_TURN_LEFT I_JUMP I_TURN_LEFT I_JUMP I_TURN_LEFT I_JUMP I_TURN_LEFT I_JUMP,I_TURN_LEFT I_JUMP I_TURN_LEFT I_JUMP I_TURN_LEFT I_JUMP I_TURN_LEFT I_JUMP I_TURN_,REPETITION
run around right after jump,I_JUMP I_TURN_RIGHT I_RUN I_TURN_RIGHT I_RUN I_TURN_RIGHT I_RUN I_TURN_RIGHT I_RUN,I_JUMP I_TURN_RIGHT I_RUN I_TURN_RIGHT I_RUN I_TURN_RIGHT I_RUN I_TURN_RIGHT I_RUN I_TURN_,REPETITION
turn left thrice and jump around left,I_TURN_LEFT I_TURN_LEFT I_TURN_LEFT I_TURN_LEFT I_JUMP I_TURN_LEFT I_JUMP I_TURN_LE,I_TURN_LEFT I_TURN_LEFT I_TURN_LEFT I_TURN_LEFT I_TURN_LEFT I_JUMP I_TURN_LEFT I_J,WRONG ACTION
jump right twice and turn around right,I_TURN_RIGHT I_JUMP I_TURN_RIGHT I_JUMP I_TURN_RIGHT I_TURN_RIGHT I_TURN_RIGHT I_TURN_RIGHT,I_TURN_RIGHT I_JUMP I_TURN_RIGHT I_JUMP I_TURN_RIGHT I_TURN_RIGHT I_TURN_RIGHT I_TURN_RIGHT I_TURN_,REPETITION
jump opposite left after turn around left,I_TURN_LEFT I_TURN_LEFT I_TURN_LEFT I_TURN_LEFT I_TURN_LEFT I_TURN_LEFT I_JUMP,I_TURN_LEFT I_TURN_LEFT I_TURN_LEFT I_TURN_LEFT I_TURN_LEFT I_JUMP,INCOMPLETE
jump left after turn opposite left twice,I_TURN_LEFT I_TURN_LEFT I_TURN_LEFT I_TURN_LEFT I_TURN_LEFT I_JUMP,I_TURN_LEFT I_TURN_LEFT I_TURN_LEFT I_TURN_LEFT I_TURN_LEFT I_TURN_LEFT I_JUMP,REPETITION
turn around left and jump opposite left,I_TURN_LEFT I_TURN_LEFT I_TURN_LEFT I_TURN_LEFT I_TURN_LEFT I_TURN_LEFT I_JUMP,I_TURN_LEFT I_TURN_LEFT I_TURN_LEFT I_TURN_LEFT I_TURN_LEFT I_JUMP,INCOMPLETE
jump twice after look around right,I_TURN_RIGHT I_LOOK I_TURN_RIGHT I_LOOK I_TURN_RIGHT I_LOOK I_TURN_RIGHT I_LOOK I_JUMP I_JUMP,I_TURN_RIGHT I_LOOK I_TURN_RIGHT I_LOOK I_TURN_RIGHT I_LOOK I_TURN_RIGHT I_LOOK I_JUMP I_JUMP I,REPETITION
jump around right and look twice,I_TURN_RIGHT I_JUMP I_TURN_RIGHT I_JUMP I_TURN_RIGHT I_JUMP I_TURN_RIGHT I_JUMP I_LOOK I_LOOK,I_TURN_RIGHT I_JUMP I_TURN_RIGHT I_JUMP I_TURN_RIGHT I_JUMP I_TURN_RIGHT I_JUMP I_LOOK I_LOOK I,REPETITION
turn opposite right thrice after jump left,I_TURN_LEFT I_JUMP I_TURN_RIGHT I_TURN_RIGHT I_TURN_RIGHT I_TURN_RIGHT I_TURN_RIGHT I_TURN_RIGHT,I_TURN_LEFT I_JUMP I_TURN_RIGHT I_TURN_RIGHT I_TURN_RIGHT I_TURN_RIGHT I_TURN_RIGHT I_TURN_RIGHT I_,REPETITION
turn left and jump around right,I_TURN_LEFT I_TURN_RIGHT I_JUMP I_TURN_RIGHT I_JUMP I_TURN_RIGHT I_JUMP I_TURN_RIGHT I_JUMP,I_TURN_LEFT I_TURN_RIGHT I_JUMP I_TURN_RIGHT I_JUMP I_TURN_RIGHT I_JUMP I_TURN_RIGHT I_JUMP I_,REPETITION
jump right twice after turn opposite right thrice,I_TURN_RIGHT I_TURN_RIGHT I_TURN_RIGHT I_TURN_RIGHT I_TURN_RIGHT I_TURN_RIGHT I_TURN_RIGHT I_JUMP I_TUR,I_TURN_RIGHT I_TURN_RIGHT I_TURN_RIGHT I_TURN_RIGHT I_TURN_RIGHT I_TURN_RIGHT I_TURN_RIGHT I_TURN_RIGHT I,WRONG ACTION
turn opposite right thrice after jump thrice,I_JUMP I_JUMP I_JUMP I_TURN_RIGHT I_TURN_RIGHT I_TURN_RIGHT I_TURN_RIGHT I_TURN_RIGHT I_TURN_RIGHT,I_JUMP I_JUMP I_JUMP I_TURN_RIGHT I_TURN_RIGHT I_TURN_RIGHT I_TURN_RIGHT I_TURN_RIGHT I_TURN_RIGHT I,REPETITION
turn opposite left thrice after jump,I_JUMP I_TURN_LEFT I_TURN_LEFT I_TURN_LEFT I_TURN_LEFT I_TURN_LEFT I_TURN_LEFT,I_JUMP I_TURN_LEFT I_TURN_LEFT I_TURN_LEFT I_TURN_LEFT I_TURN_LEFT I_TURN_LEFT I_TUR,REPETITION
jump and jump around right,I_JUMP I_TURN_RIGHT I_JUMP I_TURN_RIGHT I_JUMP I_TURN_RIGHT I_JUMP I_TURN_RIGHT I_JUMP,I_JUMP I_TURN_RIGHT I_JUMP I_TURN_RIGHT I_JUMP I_TURN_RIGHT I_JUMP I_TURN_RIGHT I_JUMP I_TURN_,REPETITION
jump opposite left twice after turn around left,I_TURN_LEFT I_TURN_LEFT I_TURN_LEFT I_TURN_LEFT I_TURN_LEFT I_TURN_LEFT I_JUMP I_TUR,I_TURN_LEFT I_TURN_LEFT I_TURN_LEFT I_TURN_LEFT I_TURN_LEFT I_JUMP I_TURN_LEFT I_TUR,WRONG ORDER
jump around right after jump,I_JUMP I_TURN_RIGHT I_JUMP I_TURN_RIGHT I_JUMP I_TURN_RIGHT I_JUMP I_TURN_RIGHT I_JUMP,I_JUMP I_TURN_RIGHT I_JUMP I_TURN_RIGHT I_JUMP I_TURN_RIGHT I_JUMP I_TURN_RIGHT I_JUMP I_TURN_,REPETITION
jump thrice and turn opposite right thrice,I_JUMP I_JUMP I_JUMP I_TURN_RIGHT I_TURN_RIGHT I_TURN_RIGHT I_TURN_RIGHT I_TURN_RIGHT I_TURN_RIGHT,I_JUMP I_JUMP I_JUMP I_TURN_RIGHT I_TURN_RIGHT I_TURN_RIGHT I_TURN_RIGHT I_TURN_RIGHT I_TURN_RIGHT I,REPETITION
jump around right and turn right,I_TURN_RIGHT I_JUMP I_TURN_RIGHT I_JUMP I_TURN_RIGHT I_JUMP I_TURN_RIGHT I_JUMP I_TURN_RIGHT,I_TURN_RIGHT I_JUMP I_TURN_RIGHT I_JUMP I_TURN_RIGHT I_JUMP I_TURN_RIGHT I_JUMP I_TURN_RIGHT I_TUR,REPETITION
jump after turn opposite left thrice,I_TURN_LEFT I_TURN_LEFT I_TURN_LEFT I_TURN_LEFT I_TURN_LEFT I_TURN_LEFT I_JUMP,I_TURN_LEFT I_TURN_LEFT I_TURN_LEFT I_TURN_LEFT I_TURN_LEFT I_TURN_LEFT I_TURN_LEFT,WRONG ACTION
turn opposite right thrice and jump right thrice,I_TURN_RIGHT I_TURN_RIGHT I_TURN_RIGHT I_TURN_RIGHT I_TURN_RIGHT I_TURN_RIGHT I_TURN_RIGHT I_JUMP I_TUR,I_TURN_RIGHT I_TURN_RIGHT I_TURN_RIGHT I_TURN_RIGHT I_TURN_RIGHT I_TURN_RIGHT I_TURN_RIGHT I_TURN_RIGHT I,WRONG ACTION
jump around right and run twice,I_TURN_RIGHT I_JUMP I_TURN_RIGHT I_JUMP I_TURN_RIGHT I_JUMP I_TURN_RIGHT I_JUMP I_RUN I_RUN,I_TURN_RIGHT I_JUMP I_TURN_RIGHT I_JUMP I_TURN_RIGHT I_JUMP I_TURN_RIGHT I_JUMP I_RUN I_RUN I,REPETITION
jump and look around right,I_JUMP I_TURN_RIGHT I_LOOK I_TURN_RIGHT I_LOOK I_TURN_RIGHT I_LOOK I_TURN_RIGHT I_LOOK,I_JUMP I_TURN_RIGHT I_LOOK I_TURN_RIGHT I_LOOK I_TURN_RIGHT I_LOOK I_TURN_RIGHT I_LOOK I_TURN_,REPETITION
turn opposite right thrice and jump around right twice,I_TURN_RIGHT I_TURN_RIGHT I_TURN_RIGHT I_TURN_RIGHT I_TURN_RIGHT I_TURN_RIGHT I_TURN_RIGHT I_JUMP I_TUR,I_TURN_RIGHT I_TURN_RIGHT I_TURN_RIGHT I_TURN_RIGHT I_TURN_RIGHT I_TURN_RIGHT I_TURN_RIGHT I_TURN_RIGHT I,WRONG ACTION
jump and turn opposite left thrice,I_JUMP I_TURN_LEFT I_TURN_LEFT I_TURN_LEFT I_TURN_LEFT I_TURN_LEFT I_TURN_LEFT,I_JUMP I_TURN_LEFT I_TURN_LEFT I_TURN_LEFT I_TURN_LEFT I_TURN_LEFT I_TURN_LEFT I_TUR,REPETITION
jump around right and jump twice,I_TURN_RIGHT I_JUMP I_TURN_RIGHT I_JUMP I_TURN_RIGHT I_JUMP I_TURN_RIGHT I_JUMP I_JUMP I_JUMP,I_TURN_RIGHT I_JUMP I_TURN_RIGHT I_JUMP I_TURN_RIGHT I_JUMP I_TURN_RIGHT I_JUMP I_JUMP I_JUMP I,REPETITION
turn opposite left twice and jump opposite left twice,I_TURN_LEFT I_TURN_LEFT I_TURN_LEFT I_TURN_LEFT I_TURN_LEFT I_TURN_LEFT I_JUMP I_TUR,I_TURN_LEFT I_TURN_LEFT I_TURN_LEFT I_TURN_LEFT I_TURN_LEFT I_TURN_LEFT I_TURN_LEFT,INCOMPLETE
jump right thrice after turn opposite right thrice,I_TURN_RIGHT I_TURN_RIGHT I_TURN_RIGHT I_TURN_RIGHT I_TURN_RIGHT I_TURN_RIGHT I_TURN_RIGHT I_JUMP I_TUR,I_TURN_RIGHT I_TURN_RIGHT I_TURN_RIGHT I_TURN_RIGHT I_TURN_RIGHT I_TURN_RIGHT I_TURN_RIGHT I_TURN_RIGHT I,WRONG ACTION
turn opposite right thrice and jump around right thrice,I_TURN_RIGHT I_TURN_RIGHT I_TURN_RIGHT I_TURN_RIGHT I_TURN_RIGHT I_TURN_RIGHT I_TURN_RIGHT I_JUMP I_TUR,I_TURN_RIGHT I_TURN_RIGHT I_TURN_RIGHT I_TURN_RIGHT I_TURN_RIGHT I_TURN_RIGHT I_TURN_RIGHT I_TURN_RIGHT I,WRONG ACTION
jump and walk around right,I_JUMP I_TURN_RIGHT I_WALK I_TURN_RIGHT I_WALK I_TURN_RIGHT I_WALK I_TURN_RIGHT I_WALK,I_JUMP I_TURN_RIGHT I_WALK I_TURN_RIGHT I_WALK I_TURN_RIGHT I_WALK I_TURN_RIGHT I_WALK I_TURN_,REPETITION
turn opposite right thrice and jump around right,I_TURN_RIGHT I_TURN_RIGHT I_TURN_RIGHT I_TURN_RIGHT I_TURN_RIGHT I_TURN_RIGHT I_TURN_RIGHT I_JUMP I_TUR,I_TURN_RIGHT I_TURN_RIGHT I_TURN_RIGHT I_TURN_RIGHT I_TURN_RIGHT I_TURN_RIGHT I_TURN_RIGHT I_TURN_RIGHT I,WRONG ACTION
jump around right after turn left,I_TURN_LEFT I_TURN_RIGHT I_JUMP I_TURN_RIGHT I_JUMP I_TURN_RIGHT I_JUMP I_TURN_RIGHT I_JUMP,I_TURN_LEFT I_TURN_RIGHT I_JUMP I_TURN_RIGHT I_JUMP I_TURN_RIGHT I_JUMP I_TURN_RIGHT I_JUMP I_,REPETITION
jump opposite left and turn around right,I_TURN_LEFT I_TURN_LEFT I_JUMP I_TURN_RIGHT I_TURN_RIGHT I_TURN_RIGHT I_TURN_RIGHT,I_TURN_LEFT I_TURN_LEFT I_JUMP I_TURN_RIGHT I_TURN_RIGHT I_TURN_RIGHT I_TURN_RIGHT I_TURN_RIGHT,REPETITION
run around right and jump twice,I_TURN_RIGHT I_RUN I_TURN_RIGHT I_RUN I_TURN_RIGHT I_RUN I_TURN_RIGHT I_RUN I_JUMP I_JUMP,I_TURN_RIGHT I_RUN I_TURN_RIGHT I_RUN I_TURN_RIGHT I_RUN I_TURN_RIGHT I_RUN I_JUMP I_JUMP I,REPETITION
jump around right and walk twice,I_TURN_RIGHT I_JUMP I_TURN_RIGHT I_JUMP I_TURN_RIGHT I_JUMP I_TURN_RIGHT I_JUMP I_WALK I_WALK,I_TURN_RIGHT I_JUMP I_TURN_RIGHT I_JUMP I_TURN_RIGHT I_JUMP I_TURN_RIGHT I_JUMP I_WALK I_WALK I,REPETITION
